run_type,seed,alpha,round,loss,accuracy,worst_client_accuracy,upload_bytes,download_bytes,total_comm_bytes,selected_clients,best_loss_so_far,best_round,rounds_since_improvement,stopped_early
grid_best_validated,19,,1,1.205703361829122,0.6954314013322195,0.5135135054588318,3223280,3223280,6446560,21 1 25 16 3 26 6 12 11 24,1.205703361829122,1,0,False
grid_best_validated,19,,2,0.8515529632568359,0.8155488292376201,0.6213592290878296,3223280,3223280,6446560,9 18 4 19 8 3 25 13 10 23,0.8515529632568359,2,0,False
grid_best_validated,19,,3,0.600493065516154,0.840549240509669,0.6666666865348816,3223280,3223280,6446560,26 3 24 10 9 0 18 19 6 2,0.600493065516154,3,0,False
grid_best_validated,19,,4,0.4686195860306422,0.8408245623111725,0.644444465637207,3223280,3223280,6446560,29 6 3 17 14 12 23 2 27 13,0.4686195860306422,4,0,False
grid_best_validated,19,,5,0.3645277187228203,0.887625253200531,0.7037037014961243,3223280,3223280,6446560,0 3 18 23 13 24 12 14 21 9,0.3645277187228203,5,0,False
grid_best_validated,19,,6,0.3131086255113284,0.8951716999212901,0.7160493731498718,3223280,3223280,6446560,18 16 26 5 25 20 13 7 17 29,0.3131086255113284,6,0,False
grid_best_validated,19,,7,0.28099059661229453,0.9013360102971395,0.7407407164573669,3223280,3223280,6446560,23 3 25 6 12 26 4 29 20 15,0.28099059661229453,7,0,False
grid_best_validated,19,,8,0.27344359283645947,0.904759685198466,0.7530864477157593,3223280,3223280,6446560,3 17 22 14 0 26 15 19 29 16,0.27344359283645947,8,0,False
grid_best_validated,19,,9,0.26128226270278293,0.9079188625017802,0.7654321193695068,3223280,3223280,6446560,15 26 16 29 11 13 17 5 0 7,0.26128226270278293,9,0,False
grid_best_validated,19,,10,0.23341392601529756,0.913363254070282,0.7283950448036194,3223280,3223280,6446560,2 0 14 12 27 3 21 22 20 8,0.23341392601529756,10,0,False
grid_best_validated,19,,11,0.22559726958473522,0.9140703856945038,0.654321014881134,3223280,3223280,6446560,29 4 15 9 14 12 26 5 25 21,0.22559726958473522,11,0,False
grid_best_validated,19,,12,0.20873535896341006,0.9199718356132507,0.7407407164573669,3223280,3223280,6446560,9 29 21 24 1 2 6 28 27 13,0.20873535896341006,12,0,False
grid_best_validated,19,,13,0.19822516689697903,0.9209840695063273,0.6913580298423767,3223280,3223280,6446560,3 14 2 28 16 26 21 0 5 13,0.19822516689697903,13,0,False
grid_best_validated,19,,14,0.19525960919757684,0.925707201162974,0.6790123581886292,3223280,3223280,6446560,20 8 2 27 4 5 13 9 14 3,0.19525960919757684,14,0,False
grid_best_validated,19,,15,0.18536594895025094,0.925699504216512,0.6790123581886292,3223280,3223280,6446560,6 19 15 21 25 2 13 20 22 4,0.18536594895025094,15,0,False
grid_best_validated,19,,16,0.18217432188491026,0.926948752005895,0.7160493731498718,3223280,3223280,6446560,0 28 12 19 20 9 25 1 18 17,0.18217432188491026,16,0,False
grid_best_validated,19,,17,0.1873218068232139,0.9259673515955608,0.654321014881134,3223280,3223280,6446560,18 11 8 6 27 16 10 1 0 25,0.18217432188491026,16,1,False
grid_best_validated,19,,18,0.18282995733122032,0.9288669129212698,0.654321014881134,3223280,3223280,6446560,20 27 6 2 28 9 16 14 23 4,0.18217432188491026,16,2,False
grid_best_validated,19,,19,0.17668554199238617,0.9321032484372457,0.7283950448036194,3223280,3223280,6446560,10 25 16 28 8 17 22 9 20 27,0.17668554199238617,19,0,False
grid_best_validated,19,,20,0.17328176833689213,0.9319792091846466,0.6666666865348816,3223280,3223280,6446560,9 20 16 18 13 15 1 7 4 23,0.17328176833689213,20,0,False
grid_best_validated,19,,21,0.16808550196389357,0.9341139137744904,0.6790123581886292,3223280,3223280,6446560,14 27 3 16 18 28 8 22 29 12,0.16808550196389357,21,0,False
grid_best_validated,19,,22,0.1745433285832405,0.9339728593826294,0.654321014881134,3223280,3223280,6446560,21 10 28 11 5 14 27 3 20 16,0.16808550196389357,21,1,False
grid_best_validated,19,,23,0.16424040608108043,0.9395281275113424,0.7283950448036194,3223280,3223280,6446560,14 13 19 1 11 2 10 28 25 29,0.16424040608108043,23,0,False
grid_best_validated,19,,24,0.169362075937291,0.9391514142354329,0.6790123581886292,3223280,3223280,6446560,18 23 11 1 9 8 24 2 7 12,0.16424040608108043,23,1,False
grid_best_validated,19,,25,0.16505078754077354,0.9419152021408081,0.6913580298423767,3223280,3223280,6446560,1 5 28 15 21 22 17 3 19 16,0.16424040608108043,23,2,False
grid_best_validated,19,,26,0.16471285366763672,0.9393421649932862,0.7037037014961243,3223280,3223280,6446560,2 27 1 18 13 28 22 21 4 19,0.16424040608108043,23,3,False
grid_best_validated,19,,27,0.16328568750371536,0.941511607170105,0.6790123581886292,3223280,3223280,6446560,10 7 17 23 27 1 8 6 4 28,0.16424040608108043,23,4,False
grid_best_validated,19,,28,0.16301015075296163,0.9443524003028869,0.6666666865348816,3223280,3223280,6446560,9 3 18 14 4 2 22 26 29 17,0.16301015075296163,28,0,False
grid_best_validated,19,,29,0.17613320002953212,0.9401596029599507,0.6296296119689941,3223280,3223280,6446560,12 18 7 11 23 3 21 27 8 4,0.16301015075296163,28,1,False
grid_best_validated,19,,30,0.156392781684796,0.9460913101832072,0.7037037014961243,3223280,3223280,6446560,11 14 17 7 27 28 9 1 18 24,0.156392781684796,30,0,False
grid_best_validated,19,,31,0.16426294846460224,0.9428834597269694,0.654321014881134,3223280,3223280,6446560,3 6 19 2 15 4 12 16 8 25,0.156392781684796,30,1,False
grid_best_validated,19,,32,0.1550417129571239,0.9441229263941447,0.6913580298423767,3223280,3223280,6446560,11 14 1 16 13 0 18 7 21 9,0.1550417129571239,32,0,False
grid_best_validated,19,,33,0.14973585326224564,0.9473634640375773,0.7407407164573669,3223280,3223280,6446560,17 7 3 25 12 13 20 4 29 28,0.14973585326224564,33,0,False
grid_best_validated,19,,34,0.1508743624513348,0.9456971148649852,0.6790123581886292,3223280,3223280,6446560,4 14 5 22 19 15 2 8 12 28,0.14973585326224564,33,1,False
grid_best_validated,19,,35,0.15898994483674567,0.9466872632503509,0.6913580298423767,3223280,3223280,6446560,18 2 29 21 0 23 7 28 8 24,0.14973585326224564,33,2,False
grid_best_validated,19,,36,0.1482703486767908,0.9486905872821808,0.6913580298423767,3223280,3223280,6446560,15 5 23 16 12 8 14 13 0 4,0.1482703486767908,36,0,False
grid_best_validated,19,,37,0.14736183996622762,0.9485918780167898,0.6790123581886292,3223280,3223280,6446560,3 5 13 25 0 8 19 15 23 10,0.1482703486767908,36,1,False
grid_best_validated,19,,38,0.15233756421754757,0.948523219426473,0.6790123581886292,3223280,3223280,6446560,7 9 5 24 2 17 28 0 3 25,0.1482703486767908,36,2,False
grid_best_validated,19,,39,0.15340465114762386,0.9470222493012747,0.7283950448036194,3223280,3223280,6446560,1 21 24 2 17 14 26 29 23 12,0.1482703486767908,36,3,False
grid_best_validated,19,,40,0.15008426522836088,0.9483959197998046,0.654321014881134,3223280,3223280,6446560,22 15 9 11 10 8 4 3 19 1,0.1482703486767908,36,4,False
grid_best_validated,19,,41,0.16536223966007432,0.9447817504405975,0.6296296119689941,3223280,3223280,6446560,1 11 5 3 20 10 15 28 8 25,0.1482703486767908,36,5,False
grid_best_validated,19,,42,0.16243617084498208,0.9435728351275127,0.654321014881134,3223280,3223280,6446560,14 3 17 20 25 18 6 1 19 5,0.1482703486767908,36,6,False
grid_best_validated,19,,43,0.1533305302572747,0.9495458384354909,0.7037037014961243,3223280,3223280,6446560,8 24 18 12 10 0 6 17 15 2,0.1482703486767908,36,7,False
grid_best_validated,19,,44,0.15969783136000235,0.9491337736447653,0.6666666865348816,3223280,3223280,6446560,0 23 25 15 7 21 19 5 22 24,0.1482703486767908,36,8,False
grid_best_validated,19,,45,0.15768232129824658,0.9462450047334036,0.6790123581886292,3223280,3223280,6446560,20 12 5 22 17 2 6 8 3 27,0.1482703486767908,36,9,False
grid_best_validated,19,,46,0.16420596912503244,0.9446716805299123,0.7407407164573669,3223280,3223280,6446560,20 15 16 27 13 6 17 2 19 26,0.1482703486767908,36,10,False
grid_best_validated,19,,47,0.1502496396501859,0.9460268080234527,0.7037037014961243,3223280,3223280,6446560,13 11 19 6 10 16 4 20 21 18,0.1482703486767908,36,11,False
grid_best_validated,19,,48,0.1458344145057102,0.9475068012873332,0.6913580298423767,3223280,3223280,6446560,6 0 26 1 22 8 9 25 13 14,0.1458344145057102,48,0,False
grid_best_validated,19,,49,0.149007024957488,0.9483177185058593,0.7283950448036194,3223280,3223280,6446560,5 22 28 17 2 27 20 12 16 0,0.1458344145057102,48,1,False
grid_best_validated,19,,50,0.15540326929961643,0.948278146982193,0.6913580298423767,3223280,3223280,6446560,27 18 19 20 21 14 28 8 16 23,0.1458344145057102,48,2,False
grid_best_validated,19,,51,0.14659673708180587,0.9495949606100719,0.6666666865348816,3223280,3223280,6446560,8 28 24 14 12 27 18 10 3 15,0.1458344145057102,48,3,False
grid_best_validated,19,,52,0.1483076106136044,0.9491901675860087,0.7407407164573669,3223280,3223280,6446560,4 27 28 17 26 12 29 1 24 19,0.1458344145057102,48,4,False
grid_best_validated,19,,53,0.1564555449100832,0.949868130683899,0.654321014881134,3223280,3223280,6446560,6 7 25 3 23 2 11 21 4 15,0.1458344145057102,48,5,False
grid_best_validated,19,,54,0.15254179725113015,0.9474038918813069,0.6666666865348816,3223280,3223280,6446560,12 11 20 3 16 18 15 1 4 17,0.1458344145057102,48,6,False
grid_best_validated,19,,55,0.1555910935625434,0.950504728158315,0.654321014881134,3223280,3223280,6446560,27 0 21 15 5 10 26 14 4 8,0.1458344145057102,48,7,False
grid_best_validated,19,,56,0.14853703404466312,0.9523717701435089,0.6666666865348816,3223280,3223280,6446560,4 25 9 26 10 27 16 15 12 24,0.1458344145057102,48,8,False
grid_best_validated,19,,57,0.14639174590508144,0.9514664630095164,0.6913580298423767,3223280,3223280,6446560,19 12 28 21 0 7 17 6 11 5,0.1458344145057102,48,9,False
grid_best_validated,19,,58,0.1489156420653065,0.949785574277242,0.6790123581886292,3223280,3223280,6446560,6 0 24 4 21 19 1 9 2 11,0.1458344145057102,48,10,False
grid_best_validated,19,,59,0.1472594017162919,0.9512191534042358,0.7407407164573669,3223280,3223280,6446560,16 23 10 15 20 11 17 12 13 14,0.1458344145057102,48,11,False
grid_best_validated,19,,60,0.14858596494110923,0.9518844286600748,0.6790123581886292,3223280,3223280,6446560,15 25 24 2 26 27 18 11 22 4,0.1458344145057102,48,12,False
grid_best_validated,19,,61,0.15887330519035459,0.9511232753594716,0.654321014881134,3223280,3223280,6446560,6 9 4 11 8 16 12 15 10 5,0.1458344145057102,48,13,False
grid_best_validated,19,,62,0.14536773217841983,0.9503799041112264,0.7283950448036194,3223280,3223280,6446560,10 11 18 16 1 13 14 8 20 26,0.1458344145057102,48,14,False
grid_best_validated,19,,63,0.1507194368634373,0.948983085155487,0.7037037014961243,3223280,3223280,6446560,25 20 2 14 27 10 15 1 16 4,0.1458344145057102,48,15,False
grid_best_validated,19,,64,0.14245585373913247,0.9543218354384104,0.7160493731498718,3223280,3223280,6446560,19 18 27 6 11 4 17 29 12 14,0.14245585373913247,64,0,False
grid_best_validated,19,,65,0.1546492909702162,0.9478610813617706,0.6913580298423767,3223280,3223280,6446560,26 29 8 28 21 10 5 17 22 7,0.14245585373913247,64,1,False
grid_best_validated,19,,66,0.1481934137487163,0.9537735899289449,0.6666666865348816,3223280,3223280,6446560,26 15 29 21 0 5 23 14 18 6,0.14245585373913247,64,2,False
grid_best_validated,19,,67,0.13750434368848802,0.9521567086378734,0.7407407164573669,3223280,3223280,6446560,28 10 8 24 26 19 9 0 11 13,0.13750434368848802,67,0,False
grid_best_validated,19,,68,0.13695931017088395,0.955557507276535,0.7283950448036194,3223280,3223280,6446560,4 10 26 16 29 21 5 17 3 14,0.13750434368848802,67,1,False
grid_best_validated,19,,69,0.1497977675249179,0.9553151309490204,0.6790123581886292,3223280,3223280,6446560,23 1 8 11 27 18 9 22 25 21,0.13750434368848802,67,2,False
grid_best_validated,19,,70,0.13303264944503704,0.9534449617067973,0.7283950448036194,3223280,3223280,6446560,21 4 17 2 11 19 16 25 0 13,0.13303264944503704,70,0,False
grid_best_validated,19,,71,0.13830673221188286,0.9528854727745056,0.7160493731498718,3223280,3223280,6446560,9 25 29 14 5 15 26 7 10 24,0.13303264944503704,70,1,False
grid_best_validated,19,,72,0.13613144097228844,0.9580121378103892,0.6913580298423767,3223280,3223280,6446560,9 1 16 7 11 3 25 14 2 26,0.13303264944503704,70,2,False
grid_best_validated,19,,73,0.1262618869698296,0.9550110936164856,0.7407407164573669,3223280,3223280,6446560,14 29 27 23 19 4 3 8 13 12,0.1262618869698296,73,0,False
grid_best_validated,19,,74,0.12476270535650352,0.9558811843395233,0.7283950448036194,3223280,3223280,6446560,21 24 23 13 18 5 3 27 10 22,0.12476270535650352,74,0,False
grid_best_validated,19,,75,0.1281985664119323,0.9553775389989217,0.7283950448036194,3223280,3223280,6446560,6 26 10 24 16 4 21 28 19 12,0.12476270535650352,74,1,False
grid_best_validated,19,,76,0.1303890793894728,0.9550484995047251,0.7283950448036194,3223280,3223280,6446560,29 26 17 15 9 10 7 21 4 14,0.12476270535650352,74,2,False
grid_best_validated,19,,77,0.1266395492013544,0.956861678759257,0.7777777910232544,3223280,3223280,6446560,15 29 20 24 0 17 3 19 27 4,0.12476270535650352,74,3,False
grid_best_validated,19,,78,0.1291805147814254,0.9561911145846049,0.8148148059844971,3223280,3223280,6446560,27 13 20 24 28 16 1 26 21 2,0.12476270535650352,74,4,False
grid_best_validated,19,,79,0.12971479628855984,0.9554997702439626,0.7407407164573669,3223280,3223280,6446560,16 2 17 6 10 27 24 25 18 11,0.12476270535650352,74,5,False
grid_best_validated,19,,80,0.12749769523118934,0.9553073346614838,0.8148148059844971,3223280,3223280,6446560,5 13 7 6 21 29 12 17 14 24,0.12476270535650352,74,6,False
grid_best_validated,19,,81,0.12563671303602555,0.9550877273082733,0.7530864477157593,3223280,3223280,6446560,25 19 15 14 2 26 27 24 18 28,0.12476270535650352,74,7,False
grid_best_validated,19,,82,0.12586309568335613,0.9559854408105214,0.7407407164573669,3223280,3223280,6446560,7 23 14 3 20 0 15 29 25 16,0.12476270535650352,74,8,False
grid_best_validated,19,,83,0.13298880212629835,0.9571945329507192,0.6790123581886292,3223280,3223280,6446560,4 21 11 27 26 0 14 9 5 15,0.12476270535650352,74,9,False
grid_best_validated,19,,84,0.12378272822437188,0.9572248160839081,0.7283950448036194,3223280,3223280,6446560,19 26 10 14 24 22 6 9 3 7,0.12476270535650352,74,10,False
grid_best_validated,19,,85,0.12004504930227995,0.9569258511066436,0.7530864477157593,3223280,3223280,6446560,14 15 26 16 17 13 11 23 10 18,0.12004504930227995,85,0,False
grid_best_validated,19,,86,0.12480921858611206,0.956567257642746,0.7407407164573669,3223280,3223280,6446560,4 16 23 3 19 15 7 24 11 0,0.12004504930227995,85,1,False
grid_best_validated,19,,87,0.12446384561869005,0.9574132223924001,0.7407407164573669,3223280,3223280,6446560,5 18 6 2 25 12 24 13 0 11,0.12004504930227995,85,2,False
grid_best_validated,19,,88,0.1302641204558313,0.9576905528704326,0.7283950448036194,3223280,3223280,6446560,5 2 21 1 11 27 7 18 15 12,0.12004504930227995,85,3,False
grid_best_validated,19,,89,0.12861330911206703,0.9585943480332693,0.7160493731498718,3223280,3223280,6446560,11 16 27 3 9 6 10 2 0 14,0.12004504930227995,85,4,False
grid_best_validated,19,,90,0.12580074009795983,0.957958044608434,0.6913580298423767,3223280,3223280,6446560,8 11 3 27 10 23 9 4 2 29,0.12004504930227995,85,5,False
grid_best_validated,19,,91,0.12154965667674938,0.95810293952624,0.7160493731498718,3223280,3223280,6446560,23 6 9 29 3 17 25 24 15 27,0.12004504930227995,85,6,False
grid_best_validated,19,,92,0.11991985283481578,0.9574116547902425,0.7407407164573669,3223280,3223280,6446560,17 16 23 2 29 15 0 24 27 21,0.12004504930227995,85,7,False
grid_best_validated,19,,93,0.12011059617313245,0.9603472630182902,0.7530864477157593,3223280,3223280,6446560,19 9 3 6 25 21 24 29 20 28,0.12004504930227995,85,8,False
grid_best_validated,19,,94,0.11662288249159852,0.9587847669919332,0.7530864477157593,3223280,3223280,6446560,13 25 22 26 15 27 3 1 6 0,0.11662288249159852,94,0,False
grid_best_validated,19,,95,0.12158429947060843,0.9593057572841645,0.7407407164573669,3223280,3223280,6446560,6 17 19 4 25 9 24 14 11 28,0.11662288249159852,94,1,False
grid_best_validated,19,,96,0.11780325158809622,0.9609082063039144,0.7530864477157593,3223280,3223280,6446560,9 11 8 6 2 12 14 13 4 25,0.11662288249159852,94,2,False
grid_best_validated,19,,97,0.11205991401026646,0.9590514858563741,0.7654321193695068,3223280,3223280,6446560,6 19 13 20 29 14 15 3 28 11,0.11205991401026646,97,0,False
grid_best_validated,19,,98,0.11615818762220442,0.9619345704714457,0.7407407164573669,3223280,3223280,6446560,0 13 12 18 23 4 26 9 5 3,0.11205991401026646,97,1,False
grid_best_validated,19,,99,0.11518954019993544,0.9636236210664113,0.7530864477157593,3223280,3223280,6446560,28 10 4 16 9 14 27 23 22 6,0.11205991401026646,97,2,False
grid_best_validated,19,,100,0.11198514263766507,0.9625838538010915,0.7530864477157593,3223280,3223280,6446560,12 28 15 10 27 8 9 21 11 7,0.11205991401026646,97,3,False
grid_best_validated,19,,101,0.11094610270423194,0.9637902239958446,0.7654321193695068,3223280,3223280,6446560,21 16 22 7 20 24 12 27 26 25,0.11094610270423194,101,0,False
grid_best_validated,19,,102,0.11146388181174795,0.9617182751496632,0.8024691343307495,3223280,3223280,6446560,7 10 5 28 20 11 24 12 18 13,0.11094610270423194,101,1,False
grid_best_validated,19,,103,0.11211856106917063,0.9626166760921478,0.7530864477157593,3223280,3223280,6446560,6 27 18 3 20 9 4 24 10 21,0.11094610270423194,101,2,False
grid_best_validated,19,,104,0.11011002898837129,0.9622908969720204,0.7777777910232544,3223280,3223280,6446560,5 26 7 3 19 6 27 17 13 21,0.11094610270423194,101,3,False
grid_best_validated,19,,105,0.11018809410743416,0.9606752514839172,0.7530864477157593,3223280,3223280,6446560,18 6 24 29 22 10 1 26 23 20,0.11094610270423194,101,4,False
grid_best_validated,19,,106,0.1126781576157858,0.9621632039546967,0.7530864477157593,3223280,3223280,6446560,10 27 17 18 16 11 9 23 6 15,0.11094610270423194,101,5,False
grid_best_validated,19,,107,0.11652706774572531,0.9611924926439921,0.7530864477157593,3223280,3223280,6446560,27 5 23 4 11 0 22 14 7 10,0.11094610270423194,101,6,False
grid_best_validated,19,,108,0.11726358657081921,0.9620830297470093,0.7530864477157593,3223280,3223280,6446560,24 20 4 18 21 9 23 12 11 19,0.11094610270423194,101,7,False
grid_best_validated,19,,109,0.11728117524956663,0.9607290009657542,0.8024691343307495,3223280,3223280,6446560,4 28 26 12 13 8 0 24 17 19,0.11094610270423194,101,8,False
grid_best_validated,19,,110,0.11700072318005066,0.9596530020236969,0.7654321193695068,3223280,3223280,6446560,23 8 16 18 3 2 24 6 1 17,0.11094610270423194,101,9,False
grid_best_validated,19,,111,0.12077135690487921,0.962588349978129,0.7654321193695068,3223280,3223280,6446560,17 14 29 10 12 20 24 5 6 11,0.11094610270423194,101,10,False
grid_best_validated,19,,112,0.11629895102232694,0.9622639020284017,0.7654321193695068,3223280,3223280,6446560,4 5 8 13 19 20 21 3 10 16,0.11094610270423194,101,11,False
grid_best_validated,19,,113,0.11651442381553352,0.9601673762003581,0.790123462677002,3223280,3223280,6446560,2 7 23 29 0 15 24 19 21 6,0.11094610270423194,101,12,False
grid_best_validated,19,,114,0.11849717176519334,0.9605802814165751,0.7654321193695068,3223280,3223280,6446560,15 28 5 14 27 26 16 25 20 18,0.11094610270423194,101,13,False
grid_best_validated,19,,115,0.11487496697033445,0.9625517547130584,0.7654321193695068,3223280,3223280,6446560,12 22 17 11 27 6 13 14 7 5,0.11094610270423194,101,14,False
grid_best_validated,19,,116,0.11308252080343664,0.9608049194018046,0.7530864477157593,3223280,3223280,6446560,28 24 20 6 4 9 14 0 8 16,0.11094610270423194,101,15,False
grid_best_validated,19,,117,0.10870068638275067,0.9620285014311473,0.7530864477157593,3223280,3223280,6446560,22 4 15 8 2 21 28 9 13 16,0.10870068638275067,117,0,False
grid_best_validated,19,,118,0.10951787894591689,0.9611787140369416,0.7530864477157593,3223280,3223280,6446560,11 15 25 16 7 17 12 24 18 6,0.10870068638275067,117,1,False
grid_best_validated,19,,119,0.11004106006585061,0.9619120140870412,0.7530864477157593,3223280,3223280,6446560,28 25 7 16 26 21 29 12 5 27,0.10870068638275067,117,2,False
grid_best_validated,19,,120,0.12140135859760146,0.9596101601918539,0.7283950448036194,3223280,3223280,6446560,22 5 28 6 9 24 21 4 8 29,0.10870068638275067,117,3,False
grid_best_validated,19,,121,0.11717113483076294,0.9630630493164063,0.7407407164573669,3223280,3223280,6446560,11 21 9 2 16 10 14 23 5 28,0.10870068638275067,117,4,False
grid_best_validated,19,,122,0.10864486979941528,0.9611555953820546,0.7654321193695068,3223280,3223280,6446560,23 29 16 8 24 6 2 13 25 21,0.10870068638275067,117,5,False
grid_best_validated,19,,123,0.11574932605338593,0.9638649562994639,0.8395061492919922,3223280,3223280,6446560,17 7 21 24 16 19 12 20 0 27,0.10870068638275067,117,6,False
grid_best_validated,19,,124,0.11152690538826088,0.9615477879842123,0.7530864477157593,3223280,3223280,6446560,2 15 5 9 25 12 26 1 4 8,0.10870068638275067,117,7,False
grid_best_validated,19,,125,0.10582519755698741,0.9629486779371897,0.8148148059844971,3223280,3223280,6446560,21 13 3 4 23 28 24 10 20 16,0.10582519755698741,125,0,False
grid_best_validated,19,,126,0.111014716544499,0.9604471246401469,0.7530864477157593,3223280,3223280,6446560,11 17 3 0 15 9 23 4 8 7,0.10582519755698741,125,1,False
grid_best_validated,19,,127,0.11002964313762884,0.9644671638806661,0.7654321193695068,3223280,3223280,6446560,11 9 14 13 27 3 25 5 20 22,0.10582519755698741,125,2,False
grid_best_validated,19,,128,0.09919745738928516,0.9674608767032623,0.8395061492919922,3223280,3223280,6446560,21 0 17 26 7 16 8 6 13 3,0.09919745738928516,128,0,False
grid_best_validated,19,,129,0.10145932011461506,0.9662275036176046,0.8395061492919922,3223280,3223280,6446560,0 14 27 20 28 25 12 2 22 8,0.09919745738928516,128,1,False
grid_best_validated,19,,130,0.10611964909670253,0.9631789028644562,0.7530864477157593,3223280,3223280,6446560,26 18 5 22 14 2 25 24 10 9,0.09919745738928516,128,2,False
grid_best_validated,19,,131,0.1143641603179276,0.9613707025845846,0.7530864477157593,3223280,3223280,6446560,14 23 25 28 7 10 5 18 29 6,0.09919745738928516,128,3,False
grid_best_validated,19,,132,0.11688397660230597,0.9618122657140096,0.7530864477157593,3223280,3223280,6446560,28 6 0 8 22 20 4 25 11 23,0.09919745738928516,128,4,False
grid_best_validated,19,,133,0.10086118653416634,0.9659827748934428,0.7654321193695068,3223280,3223280,6446560,7 20 26 15 25 14 9 18 23 13,0.09919745738928516,128,5,False
grid_best_validated,19,,134,0.10163502555030088,0.9653309802214305,0.790123462677002,3223280,3223280,6446560,18 28 6 5 14 19 17 12 23 10,0.09919745738928516,128,6,False
grid_best_validated,19,,135,0.10037707202136517,0.9658684432506561,0.8518518805503845,3223280,3223280,6446560,22 16 13 3 18 10 19 25 24 14,0.09919745738928516,128,7,False
grid_best_validated,19,,136,0.09930802922074994,0.9646895209948222,0.8518518805503845,3223280,3223280,6446560,12 27 14 4 26 15 0 19 13 2,0.09919745738928516,128,8,False
grid_best_validated,19,,137,0.10239431486309816,0.9632002353668213,0.8395061492919922,3223280,3223280,6446560,16 23 1 26 29 8 0 11 25 17,0.09919745738928516,128,9,False
grid_best_validated,19,,138,0.10463334294036031,0.9631226281325023,0.8024691343307495,3223280,3223280,6446560,0 9 3 29 8 10 14 15 11 4,0.09919745738928516,128,10,False
grid_best_validated,19,,139,0.10453798986660938,0.9635736048221588,0.8271604776382446,3223280,3223280,6446560,9 14 28 21 19 10 26 22 7 24,0.09919745738928516,128,11,False
grid_best_validated,19,,140,0.10421392321586609,0.9642268160978953,0.8148148059844971,3223280,3223280,6446560,10 25 4 22 15 3 29 16 9 7,0.09919745738928516,128,12,False
grid_best_validated,19,,141,0.09603559573491414,0.969860170284907,0.8518518805503845,3223280,3223280,6446560,0 11 16 23 29 13 15 1 9 25,0.09603559573491414,141,0,False
grid_best_validated,19,,142,0.09908118293775867,0.9666696767012278,0.8518518805503845,3223280,3223280,6446560,13 14 11 24 5 4 12 19 17 7,0.09603559573491414,141,1,False
grid_best_validated,19,,143,0.10067302205910285,0.9661115904649099,0.8518518805503845,3223280,3223280,6446560,8 10 25 19 27 4 1 17 18 0,0.09603559573491414,141,2,False
grid_best_validated,19,,144,0.10316756510486205,0.9648514648278554,0.8518518805503845,3223280,3223280,6446560,15 29 0 14 20 19 2 1 10 22,0.09603559573491414,141,3,False
grid_best_validated,19,,145,0.09914414941643675,0.9675755977630616,0.8765432238578796,3223280,3223280,6446560,11 1 12 18 21 7 19 13 3 6,0.09603559573491414,141,4,False
grid_best_validated,19,,146,0.10513878942777713,0.9651575783888499,0.8395061492919922,3223280,3223280,6446560,17 27 23 20 5 9 8 22 25 19,0.09603559573491414,141,5,False
grid_best_validated,19,,147,0.10503190100813906,0.9633201360702515,0.7654321193695068,3223280,3223280,6446560,26 6 4 7 12 3 8 14 29 5,0.09603559573491414,141,6,False
grid_best_validated,19,,148,0.10030157033664484,0.9657758553822835,0.8518518805503845,3223280,3223280,6446560,13 20 16 7 22 27 15 23 8 14,0.09603559573491414,141,7,False
grid_best_validated,19,,149,0.09685787993172805,0.967007710536321,0.8395061492919922,3223280,3223280,6446560,22 4 5 7 8 9 17 27 29 20,0.09603559573491414,141,8,False
grid_best_validated,19,,150,0.09517883486114442,0.9684108813603719,0.8641975522041321,3223280,3223280,6446560,26 13 24 27 10 22 4 23 16 6,0.09603559573491414,141,9,False
grid_best_validated,19,,151,0.09647222904798886,0.9667435844739278,0.8395061492919922,3223280,3223280,6446560,12 24 26 22 10 16 29 9 23 25,0.09603559573491414,141,10,False
grid_best_validated,19,,152,0.09606128580247363,0.9699484845002492,0.8947368264198303,3223280,3223280,6446560,21 17 7 14 29 28 11 12 18 13,0.09603559573491414,141,11,False
grid_best_validated,19,,153,0.09443831229582429,0.9692291041215261,0.8913043737411499,3223280,3223280,6446560,0 21 13 3 19 16 2 26 4 11,0.09443831229582429,153,0,False
grid_best_validated,19,,154,0.09313903193299969,0.9703634798526763,0.9012345671653748,3223280,3223280,6446560,29 20 4 17 2 14 10 22 3 0,0.09313903193299969,154,0,False
grid_best_validated,19,,155,0.09646121417172253,0.9680647591749827,0.8815789222717285,3223280,3223280,6446560,15 17 16 27 14 23 5 13 26 1,0.09313903193299969,154,1,False
grid_best_validated,19,,156,0.096794669656083,0.965409650405248,0.8395061492919922,3223280,3223280,6446560,15 6 22 8 11 24 21 25 18 26,0.09313903193299969,154,2,False
grid_best_validated,19,,157,0.09626946495845914,0.9689647495746613,0.8815789222717285,3223280,3223280,6446560,24 19 29 18 9 1 13 20 22 6,0.09313903193299969,154,3,False
grid_best_validated,19,,158,0.0918459526107957,0.9706575592358907,0.8947368264198303,3223280,3223280,6446560,9 28 2 16 29 21 25 3 13 20,0.0918459526107957,158,0,False
grid_best_validated,19,,159,0.09045641012489795,0.9727608541647593,0.8888888955116272,3223280,3223280,6446560,14 7 18 9 13 8 23 26 19 25,0.09045641012489795,159,0,False
grid_best_validated,19,,160,0.09277096892086169,0.9678159912427267,0.8518518805503845,3223280,3223280,6446560,12 5 1 20 3 17 0 6 18 4,0.09045641012489795,159,1,False
grid_best_validated,19,,161,0.09140005332107345,0.9692593296368917,0.8641975522041321,3223280,3223280,6446560,28 10 2 14 3 15 6 4 19 1,0.09045641012489795,159,2,False
grid_best_validated,19,,162,0.09456345872022212,0.9674883723258972,0.8641975522041321,3223280,3223280,6446560,23 11 18 8 29 4 24 20 17 28,0.09045641012489795,159,3,False
grid_best_validated,19,,163,0.09217840796336532,0.9700351635615031,0.9012345671653748,3223280,3223280,6446560,13 3 28 27 16 14 8 10 7 22,0.09045641012489795,159,4,False
grid_best_validated,19,,164,0.09246019488200545,0.9703511873881022,0.9012345671653748,3223280,3223280,6446560,25 12 22 16 13 8 29 18 27 4,0.09045641012489795,159,5,False
grid_best_validated,19,,165,0.09302952455667159,0.9678960621356965,0.8518518805503845,3223280,3223280,6446560,12 9 2 22 20 16 15 5 23 3,0.09045641012489795,159,6,False
grid_best_validated,19,,166,0.09214836590302487,0.9667917708555858,0.8888888955116272,3223280,3223280,6446560,24 25 28 13 19 18 0 12 26 15,0.09045641012489795,159,7,False
grid_best_validated,19,,167,0.10016013812273741,0.9683818459510803,0.8815789222717285,3223280,3223280,6446560,20 6 16 2 19 11 23 18 27 21,0.09045641012489795,159,8,False
grid_best_validated,19,,168,0.09412106019444763,0.9702831884225209,0.8888888955116272,3223280,3223280,6446560,5 10 1 16 14 20 8 29 4 7,0.09045641012489795,159,9,False
grid_best_validated,19,,169,0.09299451881088316,0.9685780882835389,0.8815789222717285,3223280,3223280,6446560,3 18 20 27 28 24 15 0 23 17,0.09045641012489795,159,10,False
grid_best_validated,19,,170,0.0911284420484056,0.9683034280935924,0.8641975522041321,3223280,3223280,6446560,9 27 5 23 6 0 29 19 15 26,0.09045641012489795,159,11,False
grid_best_validated,19,,171,0.09327676313308378,0.9685622910658519,0.8518518805503845,3223280,3223280,6446560,20 27 6 7 26 16 9 18 29 21,0.09045641012489795,159,12,False
grid_best_validated,19,,172,0.09506610198877752,0.969401361544927,0.8815789222717285,3223280,3223280,6446560,13 16 29 20 27 4 1 0 18 26,0.09045641012489795,159,13,False
grid_best_validated,19,,173,0.0931965799536556,0.9681487321853638,0.8641975522041321,3223280,3223280,6446560,17 8 27 23 14 4 20 7 18 5,0.09045641012489795,159,14,False
grid_best_validated,19,,174,0.09000633764080704,0.9704164663950602,0.8947368264198303,3223280,3223280,6446560,3 23 27 13 22 7 5 26 0 2,0.09045641012489795,159,15,False
grid_best_validated,19,,175,0.0922717026512449,0.9701191385587057,0.9012345671653748,3223280,3223280,6446560,13 24 29 21 20 4 25 18 23 28,0.09045641012489795,159,16,False
grid_best_validated,19,,176,0.09156021986467143,0.9706234514713288,0.8947368264198303,3223280,3223280,6446560,12 17 26 7 18 16 22 20 28 1,0.09045641012489795,159,17,False
grid_best_validated,19,,177,0.09688630616292357,0.9693307797114055,0.8815789222717285,3223280,3223280,6446560,19 8 6 1 9 28 29 18 16 27,0.09045641012489795,159,18,False
grid_best_validated,19,,178,0.09048744769146046,0.9708240707715352,0.9012345671653748,3223280,3223280,6446560,6 13 24 22 14 21 28 4 29 9,0.09045641012489795,159,19,False
grid_best_validated,19,,179,0.08853791380921999,0.9732077201207479,0.9078947305679321,3223280,3223280,6446560,15 23 28 29 13 20 11 7 25 17,0.08853791380921999,179,0,False
grid_best_validated,19,,180,0.08979095993563532,0.9720223565896352,0.9078947305679321,3223280,3223280,6446560,19 18 5 2 1 4 0 28 22 17,0.08853791380921999,179,1,False
grid_best_validated,19,,181,0.09803801977541297,0.9674204568068187,0.9012345671653748,3223280,3223280,6446560,10 13 24 22 28 11 8 0 14 4,0.08853791380921999,179,2,False
grid_best_validated,19,,182,0.09212093692428122,0.9712528248627981,0.90625,3223280,3223280,6446560,9 13 19 24 18 7 6 0 1 4,0.08853791380921999,179,3,False
grid_best_validated,19,,183,0.09715761435218155,0.9674421946207682,0.8888888955116272,3223280,3223280,6446560,24 15 21 9 0 3 26 18 22 7,0.08853791380921999,179,4,False
grid_best_validated,19,,184,0.08831237223930657,0.9687842071056366,0.8888888955116272,3223280,3223280,6446560,10 3 9 18 21 22 2 7 26 12,0.08853791380921999,179,5,False
grid_best_validated,19,,185,0.08696698225103319,0.9714443862438202,0.9012345671653748,3223280,3223280,6446560,8 1 24 27 21 7 9 0 11 18,0.08696698225103319,185,0,False
grid_best_validated,19,,186,0.08603964139086505,0.9726808766523997,0.9012345671653748,3223280,3223280,6446560,8 9 1 6 15 23 13 2 18 0,0.08696698225103319,185,1,False
grid_best_validated,19,,187,0.08606431575802466,0.9731704930464427,0.9135802388191223,3223280,3223280,6446560,26 0 27 8 5 24 13 21 12 15,0.08696698225103319,185,2,False
grid_best_validated,19,,188,0.09502185143840809,0.967498105764389,0.8888888955116272,3223280,3223280,6446560,10 25 4 17 0 23 8 14 28 29,0.08696698225103319,185,3,False
grid_best_validated,19,,189,0.08828441919758916,0.9711704254150391,0.8518518805503845,3223280,3223280,6446560,8 26 18 27 5 29 7 14 9 0,0.08696698225103319,185,4,False
grid_best_validated,19,,190,0.08981089216346543,0.9715007245540619,0.9012345671653748,3223280,3223280,6446560,22 10 24 5 17 21 25 18 29 1,0.08696698225103319,185,5,False
grid_best_validated,19,,191,0.08900693690714737,0.9721288681030273,0.9012345671653748,3223280,3223280,6446560,18 21 3 12 5 11 28 16 4 13,0.08696698225103319,185,6,False
grid_best_validated,19,,192,0.08685712954029441,0.9727567931016287,0.9012345671653748,3223280,3223280,6446560,18 13 22 6 28 14 15 9 23 16,0.08696698225103319,185,7,False
grid_best_validated,19,,193,0.08757769281510264,0.9735363403956095,0.8947368264198303,3223280,3223280,6446560,22 20 29 12 21 14 15 13 1 24,0.08696698225103319,185,8,False
grid_best_validated,19,,194,0.0891060103662312,0.9688015202681224,0.9012345671653748,3223280,3223280,6446560,24 14 21 26 9 7 0 8 18 2,0.08696698225103319,185,9,False
grid_best_validated,19,,195,0.08845741272283097,0.9719508608182271,0.9078947305679321,3223280,3223280,6446560,22 12 26 17 1 29 19 5 24 25,0.08696698225103319,185,10,False
grid_best_validated,19,,196,0.08885586701023082,0.9701559205849966,0.8815789222717285,3223280,3223280,6446560,11 6 8 25 29 13 1 27 12 9,0.08696698225103319,185,11,False
grid_best_validated,19,,197,0.08530781721541038,0.9727431456247966,0.9135802388191223,3223280,3223280,6446560,14 9 11 12 24 26 1 4 16 25,0.08530781721541038,197,0,False
grid_best_validated,19,,198,0.08611690730322152,0.9728625237941741,0.9130434989929199,3223280,3223280,6446560,24 6 0 27 18 2 28 10 4 20,0.08530781721541038,197,1,False
grid_best_validated,19,,199,0.0892409577810516,0.9715143839518229,0.9012345671653748,3223280,3223280,6446560,18 22 20 1 27 24 25 8 23 14,0.08530781721541038,197,2,False
grid_best_validated,19,,200,0.0894681551028043,0.9730689704418183,0.9130434989929199,3223280,3223280,6446560,25 21 2 3 14 1 10 27 16 23,0.08530781721541038,197,3,False
grid_best_validated,19,,201,0.0904250790985922,0.9719155152638753,0.9078947305679321,3223280,3223280,6446560,23 13 0 12 1 10 24 14 22 2,0.08530781721541038,197,4,False
grid_best_validated,19,,202,0.08891342363785952,0.9709563672542572,0.90625,3223280,3223280,6446560,23 2 14 13 25 4 24 22 3 9,0.08530781721541038,197,5,False
grid_best_validated,19,,203,0.08620736465478937,0.9749571283658346,0.9130434989929199,3223280,3223280,6446560,28 23 27 15 2 14 4 26 13 19,0.08530781721541038,197,6,False
grid_best_validated,19,,204,0.08561918457659583,0.9723573644955953,0.9135802388191223,3223280,3223280,6446560,15 29 12 2 6 7 18 8 4 20,0.08530781721541038,197,7,False
grid_best_validated,19,,205,0.08553467009526988,0.9724149684111277,0.9130434989929199,3223280,3223280,6446560,19 27 18 24 6 15 2 4 5 26,0.08530781721541038,197,8,False
grid_best_validated,19,,206,0.08786600482029219,0.9722083290417989,0.9012345671653748,3223280,3223280,6446560,29 20 5 9 4 27 1 15 22 17,0.08530781721541038,197,9,False
grid_best_validated,19,,207,0.08388268374061833,0.972234990199407,0.9012345671653748,3223280,3223280,6446560,3 25 20 22 9 2 17 11 21 7,0.08388268374061833,207,0,False
grid_best_validated,19,,208,0.08499023078475147,0.9717437247435252,0.9012345671653748,3223280,3223280,6446560,8 21 4 24 2 9 12 27 14 17,0.08388268374061833,207,1,False
grid_best_validated,19,,209,0.08525745227622489,0.973282386859258,0.9012345671653748,3223280,3223280,6446560,26 23 21 3 27 6 5 15 24 14,0.08388268374061833,207,2,False
grid_best_validated,19,,210,0.08677428051208456,0.9707770029703776,0.8518518805503845,3223280,3223280,6446560,14 8 1 6 3 9 4 15 12 29,0.08388268374061833,207,3,False
grid_best_validated,19,,211,0.08692852308352789,0.9715837240219116,0.8888888955116272,3223280,3223280,6446560,22 17 0 26 6 16 18 29 20 14,0.08388268374061833,207,4,False
grid_best_validated,19,,212,0.09113286403783907,0.9697535693645477,0.8641975522041321,3223280,3223280,6446560,23 14 3 11 0 18 1 16 24 4,0.08388268374061833,207,5,False
grid_best_validated,19,,213,0.08577953937153021,0.9731517851352691,0.9130434989929199,3223280,3223280,6446560,3 17 15 29 23 28 6 16 2 13,0.08388268374061833,207,6,False
grid_best_validated,19,,214,0.08987046686622004,0.969321087996165,0.8888888955116272,3223280,3223280,6446560,14 5 17 3 22 28 7 26 0 2,0.08388268374061833,207,7,False
grid_best_validated,19,,215,0.08642103391078611,0.9727941672007243,0.9135802388191223,3223280,3223280,6446560,25 2 16 28 1 4 18 9 13 6,0.08388268374061833,207,8,False
grid_best_validated,19,,216,0.09095319710516682,0.9733595311641693,0.90625,3223280,3223280,6446560,4 24 29 8 23 21 13 11 7 17,0.08388268374061833,207,9,False
grid_best_validated,19,,217,0.08929422826816638,0.9720131615797679,0.90625,3223280,3223280,6446560,1 7 17 16 21 5 24 2 4 6,0.08388268374061833,207,10,False
grid_best_validated,19,,218,0.08683613939986874,0.9697011411190033,0.9012345671653748,3223280,3223280,6446560,22 4 15 2 12 11 18 7 9 23,0.08388268374061833,207,11,False
grid_best_validated,19,,219,0.09051789083362867,0.9708960274855296,0.9012345671653748,3223280,3223280,6446560,12 15 26 5 20 14 1 18 19 16,0.08388268374061833,207,12,False
grid_best_validated,19,,220,0.08982231548676888,0.9720767577489217,0.8947368264198303,3223280,3223280,6446560,4 27 17 5 23 22 11 13 9 19,0.08388268374061833,207,13,False
grid_best_validated,19,,221,0.08702725110730777,0.9735163748264313,0.9078947305679321,3223280,3223280,6446560,26 23 28 24 1 27 6 2 12 19,0.08388268374061833,207,14,False
grid_best_validated,19,,222,0.08621365004995217,0.9727373878161113,0.9078947305679321,3223280,3223280,6446560,24 23 15 19 5 21 17 26 18 16,0.08388268374061833,207,15,False
grid_best_validated,19,,223,0.09330359173472971,0.9723346134026846,0.8815789222717285,3223280,3223280,6446560,1 14 13 8 17 27 20 5 22 28,0.08388268374061833,207,16,False
grid_best_validated,19,,224,0.09377754140490045,0.9684255878130595,0.8888888955116272,3223280,3223280,6446560,25 19 28 4 2 7 21 3 6 5,0.08388268374061833,207,17,False
grid_best_validated,19,,225,0.08467415414440135,0.9736223538716634,0.9130434989929199,3223280,3223280,6446560,24 5 21 13 3 8 0 16 9 29,0.08388268374061833,207,18,False
grid_best_validated,19,,226,0.08347576333520314,0.9731795032819112,0.9135802388191223,3223280,3223280,6446560,7 2 26 9 14 15 5 17 28 3,0.08388268374061833,207,19,False
grid_best_validated,19,,227,0.08439413696372261,0.9732209126154582,0.9012345671653748,3223280,3223280,6446560,17 10 24 11 8 22 2 5 0 18,0.08388268374061833,207,20,False
grid_best_validated,19,,228,0.08698132295782367,0.972371107339859,0.9012345671653748,3223280,3223280,6446560,26 23 8 2 7 28 17 5 20 25,0.08388268374061833,207,21,False
grid_best_validated,19,,229,0.08573586004786193,0.9729199508825938,0.9012345671653748,3223280,3223280,6446560,14 10 3 19 8 6 29 5 4 9,0.08388268374061833,207,22,False
grid_best_validated,19,,230,0.08551754691482832,0.9720387121041616,0.9012345671653748,3223280,3223280,6446560,1 4 10 22 21 12 0 3 6 9,0.08388268374061833,207,23,False
grid_best_validated,19,,231,0.08146762134662519,0.9740428706010182,0.9166666865348816,3223280,3223280,6446560,19 13 28 14 22 15 2 12 26 18,0.08146762134662519,231,0,False
grid_best_validated,19,,232,0.08442742506352564,0.9738178809483846,0.9135802388191223,3223280,3223280,6446560,8 19 18 9 5 7 24 27 22 20,0.08146762134662519,231,1,False
grid_best_validated,19,,233,0.08093097167244802,0.9727639357248942,0.9135802388191223,3223280,3223280,6446560,15 1 9 2 21 0 18 7 17 29,0.08146762134662519,231,2,False
grid_best_validated,19,,234,0.08512343945136915,0.973170957962672,0.9135802388191223,3223280,3223280,6446560,8 4 10 16 20 1 19 22 15 11,0.08146762134662519,231,3,False
grid_best_validated,19,,235,0.09292911266287168,0.9691744188467661,0.8888888955116272,3223280,3223280,6446560,28 26 16 7 25 21 6 22 4 13,0.08146762134662519,231,4,False
grid_best_validated,19,,236,0.0842995073646307,0.975817592938741,0.9130434989929199,3223280,3223280,6446560,5 4 19 18 3 14 10 24 6 13,0.08146762134662519,231,5,False
grid_best_validated,19,,237,0.08472560331380616,0.9748880445957184,0.9078947305679321,3223280,3223280,6446560,19 12 22 14 4 13 17 25 7 16,0.08146762134662519,231,6,False
grid_best_validated,19,,238,0.08704144508422663,0.9741252740224202,0.9166666865348816,3223280,3223280,6446560,24 23 3 12 25 5 6 10 28 11,0.08146762134662519,231,7,False
grid_best_validated,19,,239,0.08499108985221634,0.9738283733526866,0.9130434989929199,3223280,3223280,6446560,2 8 4 27 25 28 0 10 20 21,0.08146762134662519,231,8,False
grid_best_validated,19,,240,0.08296047956682742,0.9767205158869425,0.9189189076423645,3223280,3223280,6446560,6 13 27 28 10 9 11 7 19 8,0.08146762134662519,231,9,False
grid_best_validated,19,,241,0.08331108206572632,0.9737132092316946,0.9166666865348816,3223280,3223280,6446560,6 19 7 15 17 21 9 4 14 28,0.08146762134662519,231,10,False
grid_best_validated,19,,242,0.08168931256514042,0.9745778679847718,0.9189189076423645,3223280,3223280,6446560,8 20 22 6 10 0 3 19 5 17,0.08146762134662519,231,11,False
grid_best_validated,19,,243,0.07944560017591963,0.9752189934253692,0.9239130616188049,3223280,3223280,6446560,15 14 5 11 20 9 3 21 13 7,0.07944560017591963,243,0,False
grid_best_validated,19,,244,0.07890174847561866,0.9775620738665263,0.9130434989929199,3223280,3223280,6446560,26 28 1 3 0 19 13 20 21 18,0.07944560017591963,243,1,False
grid_best_validated,19,,245,0.08049214292162409,0.9757147908210755,0.9166666865348816,3223280,3223280,6446560,2 0 22 25 4 24 26 13 20 18,0.07944560017591963,243,2,False
grid_best_validated,19,,246,0.08448098578179876,0.9752076466878256,0.9166666865348816,3223280,3223280,6446560,4 18 19 17 12 10 7 24 14 26,0.07944560017591963,243,3,False
grid_best_validated,19,,247,0.08053879830986262,0.9752515912055969,0.9166666865348816,3223280,3223280,6446560,10 24 5 16 13 8 4 6 9 28,0.07944560017591963,243,4,False
grid_best_validated,19,,248,0.07891914089365552,0.9742697775363922,0.9154929518699646,3223280,3223280,6446560,1 4 6 9 10 17 5 27 22 2,0.07944560017591963,243,5,False
grid_best_validated,19,,249,0.07987462420326968,0.97614825963974,0.9130434989929199,3223280,3223280,6446560,16 25 29 21 19 5 11 24 26 22,0.07944560017591963,243,6,False
grid_best_validated,19,,250,0.08001696968761583,0.9748959759871165,0.9130434989929199,3223280,3223280,6446560,4 16 1 11 3 25 15 20 6 26,0.07944560017591963,243,7,False
grid_best_validated,19,,251,0.07889382240052024,0.9745191335678101,0.9130434989929199,3223280,3223280,6446560,20 1 8 17 4 2 6 3 7 9,0.07944560017591963,243,8,False
grid_best_validated,19,,252,0.08168365492795905,0.9736300865809123,0.9130434989929199,3223280,3223280,6446560,20 6 26 5 8 25 24 14 16 23,0.07944560017591963,243,9,False
grid_best_validated,19,,253,0.08482688622704397,0.9737976650396983,0.9021739363670349,3223280,3223280,6446560,10 20 28 1 5 11 4 7 0 24,0.07944560017591963,243,10,False
grid_best_validated,19,,254,0.08473393903113902,0.9763693809509277,0.9021739363670349,3223280,3223280,6446560,13 16 3 24 20 6 8 11 0 14,0.07944560017591963,243,11,False
grid_best_validated,19,,255,0.08847149369151643,0.9755033334096272,0.90625,3223280,3223280,6446560,28 8 17 25 11 21 26 23 13 4,0.07944560017591963,243,12,False
grid_best_validated,19,,256,0.08770810944649081,0.9740538994471232,0.90625,3223280,3223280,6446560,19 24 10 4 7 26 17 27 8 28,0.07944560017591963,243,13,False
grid_best_validated,19,,257,0.08621338321827351,0.9754917959372202,0.90625,3223280,3223280,6446560,6 10 26 5 15 18 11 22 25 28,0.07944560017591963,243,14,False
grid_best_validated,19,,258,0.08462657575340321,0.97567391594251,0.9130434989929199,3223280,3223280,6446560,27 11 4 19 13 26 16 8 24 21,0.07944560017591963,243,15,False
grid_best_validated,19,,259,0.08483222003560513,0.9765925983587901,0.9166666865348816,3223280,3223280,6446560,12 15 29 1 25 22 11 3 28 8,0.07944560017591963,243,16,False
grid_best_validated,19,,260,0.08206928848133734,0.976786716779073,0.9130434989929199,3223280,3223280,6446560,15 17 4 1 3 13 2 5 24 19,0.07944560017591963,243,17,False
grid_best_validated,19,,261,0.08512206866095463,0.9745110015074412,0.8947368264198303,3223280,3223280,6446560,11 12 14 5 6 16 0 26 17 19,0.07944560017591963,243,18,False
grid_best_validated,19,,262,0.08085933714949836,0.9759890456994375,0.9130434989929199,3223280,3223280,6446560,15 3 17 20 18 29 25 22 13 28,0.07944560017591963,243,19,False
grid_best_validated,19,,263,0.08157533628400415,0.9768855889638265,0.9130434989929199,3223280,3223280,6446560,8 11 26 28 12 22 20 2 18 6,0.07944560017591963,243,20,False
grid_best_validated,19,,264,0.08107758339028806,0.9777722219626109,0.9166666865348816,3223280,3223280,6446560,0 10 27 15 5 4 7 25 19 22,0.07944560017591963,243,21,False
grid_best_validated,19,,265,0.07878211765394856,0.9757058501243592,0.9166666865348816,3223280,3223280,6446560,10 29 14 9 5 2 28 12 6 26,0.07944560017591963,243,22,False
grid_best_validated,19,,266,0.09091595432255417,0.9728443106015523,0.8815789222717285,3223280,3223280,6446560,14 19 6 2 17 16 21 13 20 29,0.07944560017591963,243,23,False
grid_best_validated,19,,267,0.08111156007119764,0.9772911826769511,0.9189189076423645,3223280,3223280,6446560,6 19 3 24 18 9 11 28 2 27,0.07944560017591963,243,24,False
grid_best_validated,19,,268,0.08682660812046379,0.9709937969843546,0.9012345671653748,3223280,3223280,6446560,8 5 4 25 22 0 12 26 28 9,0.07944560017591963,243,25,False
grid_best_validated,19,,269,0.08117387108504773,0.9754683673381805,0.9130434989929199,3223280,3223280,6446560,3 13 27 6 28 29 14 19 21 20,0.07944560017591963,243,26,False
grid_best_validated,19,,270,0.0788854254487281,0.9780645767847697,0.9166666865348816,3223280,3223280,6446560,25 23 26 6 28 16 18 14 9 12,0.07944560017591963,243,27,False
grid_best_validated,19,,271,0.07929768421066304,0.9741138259569804,0.90625,3223280,3223280,6446560,12 9 28 22 2 7 23 17 6 8,0.07944560017591963,243,28,False
grid_best_validated,19,,272,0.0766137335759898,0.9792070170243581,0.9270833134651184,3223280,3223280,6446560,15 29 17 19 26 1 16 18 5 0,0.0766137335759898,272,0,False
grid_best_validated,19,,273,0.08271008803664397,0.9758541921774546,0.9078947305679321,3223280,3223280,6446560,15 23 20 13 27 12 9 22 8 19,0.0766137335759898,272,1,False
grid_best_validated,19,,274,0.0809502637013793,0.975752462943395,0.9078947305679321,3223280,3223280,6446560,16 7 15 22 18 19 4 17 27 20,0.0766137335759898,272,2,False
grid_best_validated,19,,275,0.07971874863530198,0.9765204052130382,0.90625,3223280,3223280,6446560,8 0 4 25 15 6 20 1 21 22,0.0766137335759898,272,3,False
grid_best_validated,19,,276,0.08494882757853096,0.9750966052214305,0.9078947305679321,3223280,3223280,6446560,22 13 0 5 2 27 9 11 29 17,0.0766137335759898,272,4,False
grid_best_validated,19,,277,0.07767132918039958,0.9767915070056915,0.9166666865348816,3223280,3223280,6446560,29 3 12 25 2 4 14 13 21 24,0.0766137335759898,272,5,False
grid_best_validated,19,,278,0.07849014534149319,0.9767201542854309,0.9210526347160339,3223280,3223280,6446560,2 7 5 19 28 3 24 13 29 16,0.0766137335759898,272,6,False
grid_best_validated,19,,279,0.07661941402281323,0.9791218499342601,0.9270833134651184,3223280,3223280,6446560,7 17 14 13 5 18 15 25 1 9,0.0766137335759898,272,7,False
grid_best_validated,19,,280,0.0791502092887337,0.977112368742625,0.9189189076423645,3223280,3223280,6446560,8 12 5 19 11 20 26 15 14 0,0.0766137335759898,272,8,False
grid_best_validated,19,,281,0.07979631169388691,0.9765771090984344,0.9189189076423645,3223280,3223280,6446560,22 2 24 18 3 17 13 20 21 10,0.0766137335759898,272,9,False
grid_best_validated,19,,282,0.07961378169711679,0.9782805601755779,0.9239130616188049,3223280,3223280,6446560,29 20 11 14 3 22 13 10 8 25,0.0766137335759898,272,10,False
grid_best_validated,19,,283,0.08658268597985928,0.9732612431049347,0.90625,3223280,3223280,6446560,5 13 8 25 2 15 21 24 4 28,0.0766137335759898,272,11,False
grid_best_validated,19,,284,0.07780377909851571,0.9779843370119731,0.9239130616188049,3223280,3223280,6446560,16 29 22 27 9 7 20 6 26 4,0.0766137335759898,272,12,False
grid_best_validated,19,,285,0.07982795401476324,0.9772943119208019,0.9166666865348816,3223280,3223280,6446560,16 23 10 0 11 4 13 6 8 25,0.0766137335759898,272,13,False
grid_best_validated,19,,286,0.07960388932066659,0.9772134602069855,0.9130434989929199,3223280,3223280,6446560,23 0 3 2 21 6 17 1 10 16,0.0766137335759898,272,14,False
grid_best_validated,19,,287,0.08197501332033426,0.9765337705612183,0.90625,3223280,3223280,6446560,25 24 26 23 11 13 22 7 10 5,0.0766137335759898,272,15,False
grid_best_validated,19,,288,0.08019807958820215,0.978029090166092,0.9130434989929199,3223280,3223280,6446560,19 6 18 24 22 8 3 20 10 12,0.0766137335759898,272,16,False
grid_best_validated,19,,289,0.07894359366425002,0.9775176107883453,0.9078947305679321,3223280,3223280,6446560,9 28 7 11 16 17 13 12 24 0,0.0766137335759898,272,17,False
grid_best_validated,19,,290,0.0766359934117645,0.9757975280284882,0.9166666865348816,3223280,3223280,6446560,9 3 18 4 28 20 0 6 29 21,0.0766137335759898,272,18,False
grid_best_validated,19,,291,0.07624692416284233,0.9773530821005504,0.9166666865348816,3223280,3223280,6446560,21 15 16 6 23 7 26 12 5 1,0.0766137335759898,272,19,False
grid_best_validated,19,,292,0.07535911669644217,0.9775612374146779,0.9239130616188049,3223280,3223280,6446560,4 13 3 16 11 23 17 12 9 24,0.07535911669644217,292,0,False
grid_best_validated,19,,293,0.07703363916371017,0.9786840637524923,0.9239130616188049,3223280,3223280,6446560,21 6 11 10 0 17 1 20 4 22,0.07535911669644217,292,1,False
grid_best_validated,19,,294,0.0773719178745523,0.976495768626531,0.9166666865348816,3223280,3223280,6446560,28 23 16 4 8 1 5 19 15 9,0.07535911669644217,292,2,False
grid_best_validated,19,,295,0.08067888951239487,0.9759093284606933,0.9166666865348816,3223280,3223280,6446560,12 18 28 10 11 6 26 0 16 4,0.07535911669644217,292,3,False
grid_best_validated,19,,296,0.08374417542169492,0.9759749790032705,0.90625,3223280,3223280,6446560,3 14 11 24 20 25 7 4 23 21,0.07535911669644217,292,4,False
grid_best_validated,19,,297,0.08085438027046621,0.9761851251125335,0.9166666865348816,3223280,3223280,6446560,1 26 29 7 4 8 18 12 23 13,0.07535911669644217,292,5,False
grid_best_validated,19,,298,0.07818653221863012,0.9774216155211131,0.9166666865348816,3223280,3223280,6446560,1 22 16 28 9 21 3 10 11 2,0.07535911669644217,292,6,False
grid_best_validated,19,,299,0.07976986667296539,0.9755281011263529,0.9166666865348816,3223280,3223280,6446560,14 6 28 17 26 12 10 9 4 23,0.07535911669644217,292,7,False
grid_best_validated,19,,300,0.07786728329956531,0.9770812233289082,0.9166666865348816,3223280,3223280,6446560,21 9 5 7 3 6 11 24 10 22,0.07535911669644217,292,8,False
grid_best_validated,19,,301,0.0771301472792402,0.9789060314496358,0.9239130616188049,3223280,3223280,6446560,27 8 21 19 16 14 9 5 22 28,0.07535911669644217,292,9,False
grid_best_validated,19,,302,0.07824694654749086,0.9774335960547129,0.9166666865348816,3223280,3223280,6446560,16 10 28 22 25 13 8 2 7 11,0.07535911669644217,292,10,False
grid_best_validated,19,,303,0.07702799362984175,0.9789061586062113,0.9239130616188049,3223280,3223280,6446560,3 27 12 28 5 22 10 2 17 26,0.07535911669644217,292,11,False
grid_best_validated,19,,304,0.07699017190607264,0.977642814318339,0.9130434989929199,3223280,3223280,6446560,14 20 8 6 3 22 2 18 7 5,0.07535911669644217,292,12,False
grid_best_validated,19,,305,0.08057035758004834,0.9770641485850017,0.90625,3223280,3223280,6446560,29 18 21 6 24 10 14 25 8 11,0.07535911669644217,292,13,False
grid_best_validated,19,,306,0.08217463871696964,0.9766863524913788,0.90625,3223280,3223280,6446560,7 11 29 8 6 22 24 21 3 9,0.07535911669644217,292,14,False
grid_best_validated,19,,307,0.08155167798589294,0.9763870139916738,0.90625,3223280,3223280,6446560,25 24 19 6 4 17 11 2 7 18,0.07535911669644217,292,15,False
grid_best_validated,19,,308,0.07997237257659436,0.9771537959575654,0.9078947305679321,3223280,3223280,6446560,6 28 17 12 23 16 19 0 21 10,0.07535911669644217,292,16,False
grid_best_validated,19,,309,0.0811562682967633,0.9760058681170146,0.90625,3223280,3223280,6446560,12 14 26 23 4 29 11 2 8 15,0.07535911669644217,292,17,False
grid_best_validated,19,,310,0.07729569911801566,0.9780469000339508,0.9166666865348816,3223280,3223280,6446560,14 23 4 29 27 12 18 2 5 21,0.07535911669644217,292,18,False
grid_best_validated,19,,311,0.07641738695868601,0.9781107326348623,0.9166666865348816,3223280,3223280,6446560,18 6 3 23 29 28 15 2 27 7,0.07535911669644217,292,19,False
grid_best_validated,19,,312,0.07996631912731876,0.9778063734372456,0.9210526347160339,3223280,3223280,6446560,10 21 17 25 1 16 19 22 20 26,0.07535911669644217,292,20,False
grid_best_validated,19,,313,0.07703067292459309,0.9784211953481038,0.9239130616188049,3223280,3223280,6446560,5 23 14 12 26 27 8 25 3 21,0.07535911669644217,292,21,False
grid_best_validated,19,,314,0.07826747636233146,0.9774027089277904,0.9166666865348816,3223280,3223280,6446560,7 18 21 8 26 3 24 13 17 0,0.07535911669644217,292,22,False
grid_best_validated,19,,315,0.0789538561211278,0.9798822283744812,0.9021739363670349,3223280,3223280,6446560,24 20 17 26 3 16 0 13 23 5,0.07535911669644217,292,23,False
grid_best_validated,19,,316,0.08298268973982582,0.9759493768215179,0.9021739363670349,3223280,3223280,6446560,12 20 27 23 5 29 6 15 1 21,0.07535911669644217,292,24,False
grid_best_validated,19,,317,0.07878303009783849,0.9762104034423829,0.9166666865348816,3223280,3223280,6446560,10 25 17 16 28 7 9 4 1 23,0.07535911669644217,292,25,False
grid_best_validated,19,,318,0.07971999420551583,0.9762215574582418,0.9166666865348816,3223280,3223280,6446560,25 13 10 23 2 26 15 21 3 24,0.07535911669644217,292,26,False
grid_best_validated,19,,319,0.07786031565628945,0.9787444353103638,0.9130434989929199,3223280,3223280,6446560,3 29 27 16 13 2 1 25 8 28,0.07535911669644217,292,27,False
grid_best_validated,19,,320,0.07605442130782952,0.9780251125494639,0.9130434989929199,3223280,3223280,6446560,0 29 20 5 25 4 3 7 13 17,0.07535911669644217,292,28,False
grid_best_validated,19,,321,0.07706931186063835,0.9781588474909465,0.9130434989929199,3223280,3223280,6446560,5 21 25 18 8 22 10 29 24 27,0.07535911669644217,292,29,False
grid_best_validated,19,,322,0.07712404798561086,0.9804457048575084,0.9239130616188049,3223280,3223280,6446560,24 14 27 7 5 15 0 2 29 16,0.07535911669644217,292,30,True
