timestamp,stage,pid,memory_total_gb,memory_free_gb,memory_used_gb,swap_used_gb,compressor_gb,process_rss_gb
1777512805.781913,idle,16849,51.539607552,45.87025072128,5.669356830719998,0.606748046875,1.369309184,0.42123264
1777512823.066135,fedprox_natural,16849,51.539607552,44.32406249472,7.215545057279996,0.606748046875,1.36871936,1.541701632
1777512835.8973188,fedprox_natural,16849,51.539607552,44.32406249472,7.215545057279996,0.606748046875,1.36871936,1.54968064
1777512844.162242,fedprox_natural,16849,51.539607552,44.839458570240005,6.700148981759995,0.606748046875,1.36871936,1.55516928
1777512859.563064,fedprox_natural,16849,51.539607552,44.839458570240005,6.700148981759995,0.606748046875,1.36871936,1.57442048
1777512865.994625,fedprox_natural,16849,51.539607552,44.839458570240005,6.700148981759995,0.606748046875,1.368702976,1.584873472
1777512883.0995169,fedprox_natural,16849,51.539607552,44.32406249472,7.215545057279996,0.606748046875,1.368670208,1.590706176
1777512896.079134,fedprox_natural,16849,51.539607552,45.35485464576,6.18475290624,0.606748046875,1.36863744,1.591918592
1777512897.916147,fedprox_natural,16849,51.539607552,45.35485464576,6.18475290624,0.606748046875,1.36863744,1.591918592
1777512916.098848,fedprox_natural,16849,51.539607552,45.35485464576,6.18475290624,0.606748046875,1.368621056,1.591918592
1777512926.1615748,fedprox_natural,16849,51.539607552,44.839458570240005,6.700148981759995,0.606748046875,1.368342528,1.591918592
1777512931.554752,fedprox_natural,16849,51.539607552,44.839458570240005,6.700148981759995,0.606748046875,1.368342528,1.591918592
1777512955.479145,fedprox_natural,16849,51.539607552,44.839458570240005,6.700148981759995,0.606748046875,1.368178688,1.591918592
1777512956.256663,fedprox_natural,16849,51.539607552,44.839458570240005,6.700148981759995,0.606748046875,1.368178688,1.591918592
1777512971.487248,fedprox_natural,16849,51.539607552,44.839458570240005,6.700148981759995,0.606748046875,1.368178688,1.592066048
1777512986.352504,fedprox_natural,16849,51.539607552,44.839458570240005,6.700148981759995,0.606748046875,1.36814592,1.593409536
1777512991.538322,fedprox_natural,16849,51.539607552,44.839458570240005,6.700148981759995,0.606748046875,1.36814592,1.5937536
1777513009.679604,fedprox_natural,16849,51.539607552,44.839458570240005,6.700148981759995,0.606748046875,1.36814592,1.61210368
1777513016.449458,fedprox_natural,16849,51.539607552,44.32406249472,7.215545057279996,0.606748046875,1.367769088,1.616838656
1777513028.2887402,fedprox_natural,16849,51.539607552,44.839458570240005,6.700148981759995,0.606748046875,1.367769088,1.62430976
1777513046.555381,fedprox_natural,16849,51.539607552,44.839458570240005,6.700148981759995,0.606748046875,1.367769088,1.643282432
1777513052.305778,fedprox_natural,16849,51.539607552,44.839458570240005,6.700148981759995,0.606748046875,1.367769088,1.643282432
1777513076.6548119,fedprox_natural,16849,51.539607552,44.839458570240005,6.700148981759995,0.606748046875,1.357021184,1.643282432
1777513077.247324,fedprox_natural,16849,51.539607552,44.32406249472,7.215545057279996,0.606748046875,1.357021184,1.643282432
1777513106.363853,fedprox_natural,16849,51.539607552,44.839458570240005,6.700148981759995,0.606748046875,1.353023488,1.66567936
1777513106.755591,fedprox_natural,16849,51.539607552,44.839458570240005,6.700148981759995,0.606748046875,1.353023488,1.6658432
1777513126.357344,fedprox_natural,16849,51.539607552,44.839458570240005,6.700148981759995,0.606748046875,1.353023488,1.679966208
1777513136.862944,fedprox_natural,16849,51.539607552,44.839458570240005,6.700148981759995,0.606748046875,1.353023488,1.687175168
1777513149.813743,fedprox_natural,16849,51.539607552,44.839458570240005,6.700148981759995,0.606748046875,1.353023488,1.695793152
1777513166.974693,fedprox_natural,16849,51.539607552,44.32406249472,7.215545057279996,0.606748046875,1.353007104,1.707065344
1777513172.163659,fedprox_natural,16849,51.539607552,44.32406249472,7.215545057279996,0.606748046875,1.353007104,1.709850624
1777513196.8865411,fedprox_natural,16849,51.539607552,44.839458570240005,6.700148981759995,0.606748046875,1.35299072,1.728282624
1777513197.08376,fedprox_natural,16849,51.539607552,44.839458570240005,6.700148981759995,0.606748046875,1.35299072,1.728364544
1777513221.107445,fedprox_natural,16849,51.539607552,43.8086664192,7.730941132799998,0.606748046875,1.538932736,1.744863232
1777513227.2006059,fedprox_natural,16849,51.539607552,44.32406249472,7.215545057279996,0.606748046875,1.537998848,1.748762624
1777513257.3156538,fedprox_natural,16849,51.539607552,44.32406249472,7.215545057279996,0.606748046875,1.5269888,1.77012736
1777513263.170507,fedprox_natural,16849,51.539607552,44.32406249472,7.215545057279996,0.606748046875,1.52690688,1.775747072
1777513287.437435,fedprox_natural,16849,51.539607552,44.32406249472,7.215545057279996,0.606748046875,1.526317056,1.791246336
1777513292.784095,fedprox_natural,16849,51.539607552,44.32406249472,7.215545057279996,0.606748046875,1.526300672,1.794654208
1777513317.5585878,fedprox_natural,16849,51.539607552,44.32406249472,7.215545057279996,0.606748046875,1.526022144,1.810890752
1777513319.452071,fedprox_natural,16849,51.539607552,44.32406249472,7.215545057279996,0.606748046875,1.526022144,1.812185088
1777513347.682173,fedprox_natural,16849,51.539607552,44.839458570240005,6.700148981759995,0.606748046875,1.525661696,1.831108608
1777513353.9949,fedprox_natural,16849,51.539607552,44.839458570240005,6.700148981759995,0.606748046875,1.525645312,1.835778048
1777513373.228966,fedprox_natural,16849,51.539607552,44.32406249472,7.215545057279996,0.606748046875,1.522352128,1.848475648
1777513377.805103,fedprox_natural,16849,51.539607552,44.32406249472,7.215545057279996,0.606748046875,1.522270208,1.851375616
1777513407.915981,fedprox_natural,16849,51.539607552,44.839458570240005,6.700148981759995,0.606748046875,1.468530688,1.882456064
1777513413.7490969,fedprox_natural,16849,51.539607552,45.35485464576,6.18475290624,0.606748046875,1.468399616,1.887502336
1777513426.4827762,fedprox_natural,16849,51.539607552,44.839458570240005,6.700148981759995,0.606748046875,1.468383232,1.904607232
1777513438.042785,fedprox_natural,16849,51.539607552,44.32406249472,7.215545057279996,0.606748046875,1.466400768,1.912143872
1777513451.015529,fedprox_natural,16849,51.539607552,44.32406249472,7.215545057279996,0.606748046875,1.554989056,1.9218432
1777513468.156311,fedprox_natural,16849,51.539607552,44.839458570240005,6.700148981759995,0.606748046875,1.625554944,1.935949824
1777513484.155893,fedprox_natural,16849,51.539607552,44.32406249472,7.215545057279996,0.606748046875,1.625505792,1.948844032
1777513498.289825,fedprox_natural,16849,51.539607552,44.32406249472,7.215545057279996,0.606748046875,1.625440256,1.959051264
1777513507.801019,fedprox_natural,16849,51.539607552,43.8086664192,7.730941132799998,0.606748046875,1.625325568,1.965228032
1777513523.829637,fedprox_natural,16849,51.539607552,44.839458570240005,6.700148981759995,0.606748046875,1.624948736,1.977925632
1777513528.411144,fedprox_natural,16849,51.539607552,44.32406249472,7.215545057279996,0.606748046875,1.624702976,1.981300736
1777513542.8669262,fedprox_natural,16849,51.539607552,45.87025072128,5.669356830719998,0.606748046875,1.624358912,1.993539584
1777513558.5965881,fedprox_natural,16849,51.539607552,45.35485464576,5.669356830719998,0.606748046875,1.61243136,1.997651968
1777513569.120655,fedprox_natural,16849,51.539607552,44.32406249472,7.215545057279996,0.606748046875,1.610366976,2.005925888
1777513583.015249,fedprox_natural,16849,51.539607552,44.839458570240005,6.700148981759995,0.606748046875,1.610366976,2.017755136
1777513588.71772,fedprox_natural,16849,51.539607552,44.839458570240005,6.700148981759995,0.606748046875,1.610366976,2.022129664
1777513599.722956,fedprox_natural,16849,51.539607552,44.32406249472,7.215545057279996,0.606748046875,1.627160576,2.031665152
1777513618.85837,fedprox_natural,16849,51.539607552,44.32406249472,7.215545057279996,0.606748046875,1.628143616,2.047950848
1777513626.4156039,fedprox_natural,16849,51.539607552,43.8086664192,7.730941132799998,0.606748046875,2.254405632,2.053472256
1777513648.568656,fedprox_natural,16849,51.539607552,43.8086664192,7.730941132799998,0.606748046875,2.254012416,2.07863808
1777513648.9810472,fedprox_natural,16849,51.539607552,43.8086664192,7.730941132799998,0.606748046875,2.254012416,2.078867456
1777513672.666935,fedprox_natural,16849,51.539607552,43.8086664192,7.215545057279996,0.606748046875,2.252193792,2.098823168
1777513679.1098838,fedprox_natural,16849,51.539607552,43.8086664192,7.730941132799998,0.606748046875,2.252128256,2.104066048
1777513687.711918,fedprox_natural,16849,51.539607552,44.32406249472,7.215545057279996,0.606748046875,2.251964416,2.111291392
1777513697.489741,fedprox_natural,16849,51.539607552,43.8086664192,7.730941132799998,0.606748046875,2.251964416,2.11968
1777513709.23455,logreg_controls,16849,51.539607552,44.32406249472,7.215545057279996,0.606748046875,2.251341824,2.127314944
1777513717.737841,logreg_controls,16849,51.539607552,43.8086664192,7.730941132799998,0.606748046875,2.251309056,2.128314368
1777513737.146446,logreg_controls,16849,51.539607552,44.32406249472,7.215545057279996,0.606748046875,2.251259904,2.130722816
1777513739.347309,logreg_controls,16849,51.539607552,45.35485464576,6.18475290624,0.606748046875,2.251259904,2.13090304
1777513756.474045,logreg_controls,16849,51.539607552,44.32406249472,7.215545057279996,0.606748046875,2.251259904,2.132738048
1777513769.4801438,logreg_controls,16849,51.539607552,43.8086664192,7.730941132799998,0.606748046875,2.41082368,2.133983232
1777513778.6243572,logreg_controls,16849,51.539607552,43.29327034368,8.24633720832,0.606748046875,2.500182016,2.13467136
1777513799.605844,logreg_controls,16849,51.539607552,43.8086664192,7.730941132799998,0.606748046875,2.500132864,2.143043584
1777513800.365937,logreg_controls,16849,51.539607552,43.8086664192,7.730941132799998,0.606748046875,2.500132864,2.143141888
1777513822.889478,logreg_controls,16849,51.539607552,43.29327034368,8.24633720832,0.606748046875,2.500132864,2.146320384
1777513829.754383,logreg_controls,16849,51.539607552,43.29327034368,8.24633720832,0.606748046875,2.500132864,2.148712448
1777513855.8956008,logreg_controls,16849,51.539607552,43.29327034368,8.24633720832,0.606748046875,2.50011648,2.156888064
1777513859.903342,logreg_controls,16849,51.539607552,43.29327034368,8.24633720832,0.606748046875,2.50011648,2.158215168
1777513886.696343,logreg_controls,16849,51.539607552,43.29327034368,8.24633720832,0.606748046875,2.499526656,2.167668736
1777513890.053905,logreg_controls,16849,51.539607552,43.29327034368,8.24633720832,0.606748046875,2.499526656,2.16858624
1777513918.293946,logreg_controls,16849,51.539607552,43.29327034368,8.24633720832,0.606748046875,2.499100672,2.178727936
1777513920.204501,logreg_controls,16849,51.539607552,43.29327034368,8.24633720832,0.606748046875,2.499100672,2.178891776
1777513944.690144,logreg_controls,16849,51.539607552,43.29327034368,8.24633720832,0.606748046875,2.497708032,2.18087424
1777513950.360731,logreg_controls,16849,51.539607552,43.29327034368,8.24633720832,0.606748046875,2.497593344,2.181300224
1777513972.6632488,logreg_controls,16849,51.539607552,43.29327034368,8.24633720832,0.606748046875,2.49757696,2.182905856
1777513980.48303,logreg_controls,16849,51.539607552,44.32406249472,7.215545057279996,0.606748046875,2.497527808,2.183708672
1777513992.0269399,logreg_controls,16849,51.539607552,44.32406249472,7.215545057279996,0.606748046875,2.497527808,2.185101312
1777514010.640309,logreg_controls,16849,51.539607552,43.29327034368,8.24633720832,0.606748046875,2.497478656,2.186346496
1777514017.0701618,logreg_controls,16849,51.539607552,43.29327034368,8.24633720832,0.606748046875,2.497445888,2.186821632
1777514040.768644,logreg_controls,16849,51.539607552,43.29327034368,8.24633720832,0.606748046875,2.496118784,2.188460032
1777514043.344864,logreg_controls,16849,51.539607552,43.29327034368,8.24633720832,0.606748046875,2.49602048,2.1884928
1777514070.2730172,logreg_controls,16849,51.539607552,43.29327034368,8.24633720832,0.606748046875,2.495479808,2.19742208
1777514070.916547,logreg_controls,16849,51.539607552,43.29327034368,8.24633720832,0.606748046875,2.495479808,2.197553152
1777514099.692878,logreg_controls,16849,51.539607552,43.8086664192,7.730941132799998,0.606748046875,2.495479808,2.207105024
1777514101.066904,logreg_controls,16849,51.539607552,43.8086664192,7.730941132799998,0.606748046875,2.495479808,2.207432704
1777514126.686412,logreg_controls,16849,51.539607552,44.32406249472,7.215545057279996,0.606748046875,2.493775872,2.217541632
1777514131.215271,logreg_controls,16849,51.539607552,44.32406249472,7.215545057279996,0.606748046875,2.493661184,2.21945856
1777514150.767173,logreg_controls,16849,51.539607552,43.8086664192,7.730941132799998,0.606748046875,2.544992256,2.227912704
1777514161.340369,logreg_controls,16849,51.539607552,43.8086664192,7.730941132799998,0.606748046875,2.543501312,2.229174272
1777514170.79728,logreg_controls,16849,51.539607552,43.8086664192,7.730941132799998,0.606748046875,2.54091264,2.231123968
1777514191.493442,logreg_controls,16849,51.539607552,43.8086664192,7.730941132799998,0.606748046875,2.540847104,2.232909824
1777514193.631571,logreg_controls,16849,51.539607552,43.8086664192,7.730941132799998,0.606748046875,2.540847104,2.23305728
1777514221.654031,logreg_controls,16849,51.539607552,42.26247819264,9.277129359359996,0.606748046875,2.49126912,2.235793408
1777514222.5651011,logreg_controls,16849,51.539607552,42.777874268160005,8.761733283839995,0.606748046875,2.490990592,2.235793408
1777514251.007615,logreg_controls,16849,51.539607552,42.777874268160005,8.761733283839995,0.606748046875,2.486173696,2.235793408
1777514251.809224,logreg_controls,16849,51.539607552,42.777874268160005,8.761733283839995,0.606748046875,2.486140928,2.235793408
1777514279.6919858,logreg_controls,16849,51.539607552,42.777874268160005,8.761733283839995,0.606748046875,2.479669248,2.235793408
1777514281.9588742,logreg_controls,16849,51.539607552,42.777874268160005,8.761733283839995,0.606748046875,2.479652864,2.235793408
1777514308.585898,logreg_controls,16849,51.539607552,42.777874268160005,8.761733283839995,0.606748046875,2.478063616,2.235793408
1777514312.112872,logreg_controls,16849,51.539607552,42.777874268160005,8.761733283839995,0.606748046875,2.478063616,2.235793408
1777514340.430422,logreg_controls,16849,51.539607552,42.777874268160005,8.761733283839995,0.606748046875,2.477309952,2.24149504
1777514342.270388,logreg_controls,16849,51.539607552,42.777874268160005,8.761733283839995,0.606748046875,2.477309952,2.241888256
1777514372.426432,logreg_controls,16849,51.539607552,42.777874268160005,8.761733283839995,0.606748046875,2.476261376,2.252029952
1777514373.1104279,logreg_controls,16849,51.539607552,42.777874268160005,8.761733283839995,0.606748046875,2.476261376,2.25214464
1777514402.5922089,logreg_controls,16849,51.539607552,42.777874268160005,8.761733283839995,0.606748046875,2.476326912,2.261909504
1777514405.739321,logreg_controls,16849,51.539607552,42.777874268160005,8.761733283839995,0.606748046875,2.476326912,2.268332032
1777514432.792276,logreg_controls,16849,51.539607552,42.777874268160005,8.761733283839995,0.606748046875,2.476343296,2.276589568
1777514435.517094,logreg_controls,16849,51.539607552,42.777874268160005,8.761733283839995,0.606748046875,2.476343296,2.276753408
1777514462.957282,logreg_controls,16849,51.539607552,42.777874268160005,8.761733283839995,0.606748046875,2.475851776,2.278588416
1777514465.342336,logreg_controls,16849,51.539607552,42.777874268160005,8.761733283839995,0.606748046875,2.475851776,2.27876864
1777514493.114608,logreg_controls,16849,51.539607552,42.777874268160005,8.761733283839995,0.606748046875,2.474491904,2.286698496
1777514495.42497,logreg_controls,16849,51.539607552,42.777874268160005,8.761733283839995,0.606748046875,2.474491904,2.286911488
1777514523.2797718,logreg_controls,16849,51.539607552,43.29327034368,8.24633720832,0.606748046875,2.468610048,2.288943104
1777514523.695136,logreg_controls,16849,51.539607552,43.29327034368,8.24633720832,0.606748046875,2.468610048,2.288943104
1777514551.740033,logreg_controls,16849,51.539607552,42.777874268160005,8.761733283839995,0.606748046875,2.468626432,2.290958336
1777514553.44349,logreg_controls,16849,51.539607552,43.29327034368,8.24633720832,0.606748046875,2.468626432,2.291023872
1777514580.15186,logreg_controls,16849,51.539607552,43.29327034368,8.24633720832,0.606748046875,2.46841344,2.29425152
1777514583.613569,logreg_controls,16849,51.539607552,43.29327034368,8.24633720832,0.606748046875,2.46841344,2.29515264
1777514611.921109,logreg_controls,16849,51.539607552,43.29327034368,8.24633720832,0.606748046875,2.468364288,2.304638976
1777514613.780837,logreg_controls,16849,51.539607552,43.29327034368,8.24633720832,0.606748046875,2.46833152,2.305114112
1777514643.9542248,logreg_controls,16849,51.539607552,42.777874268160005,8.761733283839995,0.606748046875,2.467856384,2.3154688
1777514644.125833,logreg_controls,16849,51.539607552,42.777874268160005,8.761733283839995,0.606748046875,2.467856384,2.3154688
1777514674.127219,logreg_controls,16849,51.539607552,43.29327034368,8.24633720832,0.606748046875,2.467790848,2.325856256
1777514676.296417,logreg_controls,16849,51.539607552,43.29327034368,8.24633720832,0.606748046875,2.46775808,2.326577152
1777514703.835076,logreg_controls,16849,51.539607552,43.29327034368,8.24633720832,0.606748046875,2.467643392,2.329001984
1777514704.298825,logreg_controls,16849,51.539607552,43.29327034368,8.24633720832,0.606748046875,2.467643392,2.329034752
1777514731.307925,logreg_controls,16849,51.539607552,43.29327034368,8.24633720832,0.606748046875,2.466873344,2.330836992
1777514734.469515,logreg_controls,16849,51.539607552,42.777874268160005,8.761733283839995,0.606748046875,2.466807808,2.33111552
1777514758.959135,logreg_controls,16849,51.539607552,43.29327034368,8.24633720832,0.606748046875,2.466660352,2.33299968
1777514764.636349,logreg_controls,16849,51.539607552,43.29327034368,8.24633720832,0.606748046875,2.466660352,2.3334912
1777514786.3495831,logreg_controls,16849,51.539607552,43.29327034368,8.24633720832,0.606748046875,2.466643968,2.340356096
1777514794.808526,logreg_controls,16849,51.539607552,43.29327034368,8.24633720832,0.606748046875,2.466627584,2.340896768
1777514813.9441438,logreg_controls,16849,51.539607552,43.29327034368,8.24633720832,0.606748046875,2.466627584,2.34233856
1777514824.968412,logreg_controls,16849,51.539607552,43.29327034368,8.24633720832,0.606748046875,2.46644736,2.343436288
1777514841.488854,logreg_controls,16849,51.539607552,43.29327034368,8.24633720832,0.606748046875,2.46644736,2.345582592
1777514855.142289,logreg_controls,16849,51.539607552,43.29327034368,8.24633720832,0.606748046875,2.46644736,2.34979328
1777514872.2838452,logreg_controls,16849,51.539607552,43.29327034368,8.24633720832,0.606748046875,2.46644736,2.355904512
1777514885.3206148,logreg_controls,16849,51.539607552,43.29327034368,8.24633720832,0.606748046875,2.46644736,2.360164352
1777514903.412276,logreg_controls,16849,51.539607552,43.29327034368,8.24633720832,0.606748046875,2.465267712,2.3662592
1777514915.497208,logreg_controls,16849,51.539607552,43.29327034368,8.24633720832,0.606748046875,2.465267712,2.37051904
1777514934.310008,logreg_controls,16849,51.539607552,42.777874268160005,8.761733283839995,0.606748046875,2.465185792,2.377203712
1777514945.674092,logreg_controls,16849,51.539607552,43.29327034368,8.24633720832,0.606748046875,2.465185792,2.378088448
1777514961.655073,logreg_controls,16849,51.539607552,43.29327034368,8.24633720832,0.606748046875,2.465185792,2.379382784
1777514975.862734,logreg_controls,16849,51.539607552,43.29327034368,8.24633720832,0.606748046875,2.465153024,2.380447744
1777514989.7324219,logreg_controls,16849,51.539607552,43.29327034368,8.24633720832,0.606748046875,2.465153024,2.381611008
1777515006.03128,logreg_controls,16849,51.539607552,43.29327034368,8.24633720832,0.606748046875,2.465120256,2.382757888
1777515017.6447842,logreg_controls,16849,51.539607552,43.29327034368,8.24633720832,0.606748046875,2.465120256,2.383642624
1777515036.2027142,logreg_controls,16849,51.539607552,43.29327034368,8.24633720832,0.606748046875,2.465087488,2.384887808
1777515045.815443,logreg_controls,16849,51.539607552,43.29327034368,8.24633720832,0.606748046875,2.465038336,2.38559232
1777515066.384428,logreg_controls,16849,51.539607552,43.29327034368,8.24633720832,0.606748046875,2.463858688,2.387099648
1777515074.092821,logreg_controls,16849,51.539607552,43.29327034368,8.24633720832,0.606748046875,2.463858688,2.387673088
1777515096.556798,logreg_controls,16849,51.539607552,43.29327034368,8.24633720832,0.606748046875,2.46382592,2.390065152
1777515102.1124961,logreg_controls,16849,51.539607552,43.29327034368,8.24633720832,0.606748046875,2.46382592,2.390736896
1777515126.72834,logreg_controls,16849,51.539607552,43.29327034368,8.24633720832,0.606748046875,2.463612928,2.398797824
1777515133.326729,logreg_controls,16849,51.539607552,43.29327034368,8.24633720832,0.606748046875,2.463612928,2.400960512
1777515156.912003,logreg_controls,16849,51.539607552,43.29327034368,8.24633720832,0.606748046875,2.463612928,2.409250816
1777515164.538522,logreg_controls,16849,51.539607552,43.29327034368,8.24633720832,0.606748046875,2.463612928,2.411872256
1777515187.093066,logreg_controls,16849,51.539607552,43.29327034368,8.24633720832,0.606748046875,2.463531008,2.419539968
1777515196.0392551,logreg_controls,16849,51.539607552,43.29327034368,8.24633720832,0.606748046875,2.463531008,2.422669312
1777515217.276364,logreg_controls,16849,51.539607552,43.29327034368,8.24633720832,0.606748046875,2.46349824,2.4244224
1777515220.47554,logreg_controls,16849,51.539607552,43.29327034368,8.24633720832,0.606748046875,2.463481856,2.4244224
1777515244.525992,logreg_controls,16849,51.539607552,43.8086664192,7.730941132799998,0.606748046875,2.463301632,2.4244224
1777515247.463488,logreg_controls,16849,51.539607552,43.29327034368,8.24633720832,0.606748046875,2.46308864,2.424455168
1777515263.455182,logreg_controls,16849,51.539607552,43.8086664192,7.730941132799998,0.606748046875,2.46308864,2.4256512
1777515277.637873,logreg_controls,16849,51.539607552,43.8086664192,7.730941132799998,0.606748046875,2.46300672,2.426830848
1777515282.317468,logreg_controls,16849,51.539607552,43.8086664192,7.730941132799998,0.606748046875,2.46300672,2.427256832
1777515301.077356,logreg_controls,16849,51.539607552,43.29327034368,8.24633720832,0.606748046875,2.46300672,2.428698624
1777515307.813903,logreg_controls,16849,51.539607552,43.8086664192,7.730941132799998,0.606748046875,2.46300672,2.429485056
1777515325.802615,logreg_controls,16849,51.539607552,43.8086664192,7.730941132799998,0.606748046875,2.46300672,2.431418368
1777515337.9919748,logreg_controls,16849,51.539607552,43.29327034368,8.24633720832,0.606748046875,2.462777344,2.43531776
1777515352.9268029,logreg_controls,16849,51.539607552,43.29327034368,8.24633720832,0.606748046875,2.46276096,2.439938048
1777515368.13504,logreg_controls,16849,51.539607552,44.32406249472,7.215545057279996,0.598935546875,2.45866496,2.447376384
1777515373.192142,logreg_controls,16849,51.539607552,44.32406249472,7.215545057279996,0.598935546875,2.458648576,2.447376384
1777515394.8665652,logreg_controls,16849,51.539607552,43.29327034368,8.24633720832,0.598935546875,2.457174016,2.447376384
1777515398.3107688,logreg_controls,16849,51.539607552,43.29327034368,8.24633720832,0.598935546875,2.457174016,2.447376384
1777515421.139769,logreg_controls,16849,51.539607552,43.29327034368,8.24633720832,0.598935546875,2.457124864,2.447376384
1777515428.486573,logreg_controls,16849,51.539607552,43.29327034368,8.24633720832,0.598935546875,2.457124864,2.447376384
1777515445.206965,logreg_controls,16849,51.539607552,43.29327034368,8.24633720832,0.598935546875,2.45710848,2.447376384
1777515458.6667242,logreg_controls,16849,51.539607552,43.29327034368,8.24633720832,0.598935546875,2.457075712,2.447376384
1777515470.097763,logreg_controls,16849,51.539607552,43.29327034368,8.24633720832,0.598935546875,2.457157632,2.447982592
1777515488.85216,logreg_controls,16849,51.539607552,43.29327034368,8.24633720832,0.598935546875,2.457141248,2.449195008
1777515494.812174,logreg_controls,16849,51.539607552,43.29327034368,8.24633720832,0.598935546875,2.457141248,2.449620992
1777515519.0372229,logreg_controls,16849,51.539607552,43.29327034368,8.24633720832,0.598935546875,2.45710848,2.451062784
1777515521.331316,logreg_controls,16849,51.539607552,43.29327034368,8.24633720832,0.598935546875,2.457059328,2.451243008
1777515548.431433,logreg_controls,16849,51.539607552,43.29327034368,8.24633720832,0.598935546875,2.457059328,2.454290432
1777515549.215538,logreg_controls,16849,51.539607552,43.29327034368,8.24633720832,0.598935546875,2.457059328,2.454437888
1777515577.358547,logreg_controls,16849,51.539607552,43.8086664192,7.730941132799998,0.598935546875,2.456895488,2.463875072
1777515579.392255,logreg_controls,16849,51.539607552,43.29327034368,8.24633720832,0.598935546875,2.456895488,2.464448512
1777515605.9666948,logreg_controls,16849,51.539607552,43.29327034368,8.24633720832,0.598935546875,2.453389312,2.474016768
1777515609.574152,logreg_controls,16849,51.539607552,43.29327034368,8.24633720832,0.598935546875,2.453307392,2.475081728
1777515636.1396449,logreg_controls,16849,51.539607552,43.29327034368,8.24633720832,0.598935546875,2.453372928,2.484748288
1777515639.7571259,logreg_controls,16849,51.539607552,43.8086664192,7.730941132799998,0.598935546875,2.453372928,2.484944896
1777515663.8388638,logreg_controls,16849,51.539607552,43.8086664192,7.730941132799998,0.598935546875,2.45334016,2.486943744
1777515669.938093,logreg_controls,16849,51.539607552,43.29327034368,8.24633720832,0.598935546875,2.45334016,2.48741888
1777515690.6153128,logreg_controls,16849,51.539607552,43.29327034368,8.24633720832,0.598935546875,2.453307392,2.488926208
1777515700.117847,logreg_controls,16849,51.539607552,43.29327034368,8.24633720832,0.598935546875,2.453307392,2.489614336
1777515717.32033,logreg_controls,16849,51.539607552,43.29327034368,8.24633720832,0.598935546875,2.453307392,2.490957824
1777515730.303582,logreg_controls,16849,51.539607552,43.29327034368,8.24633720832,0.598935546875,2.453291008,2.491891712
1777515743.740612,logreg_controls,16849,51.539607552,43.29327034368,8.24633720832,0.598935546875,2.453291008,2.492874752
1777515760.48535,logreg_controls,16849,51.539607552,43.29327034368,8.24633720832,0.598935546875,2.453291008,2.4940544
1777515770.170511,logreg_controls,16849,51.539607552,43.8086664192,7.730941132799998,0.598935546875,2.453291008,2.494742528
1777515790.6656551,logreg_controls,16849,51.539607552,43.29327034368,8.24633720832,0.598935546875,2.453291008,2.49708544
1777515796.564567,logreg_controls,16849,51.539607552,43.29327034368,8.24633720832,0.598935546875,2.453291008,2.49782272
1777515820.854026,logreg_controls,16849,51.539607552,43.29327034368,8.24633720832,0.598935546875,2.453291008,2.505965568
1777515825.883765,logreg_controls,16849,51.539607552,43.29327034368,8.24633720832,0.598935546875,2.453291008,2.507620352
1777515851.0393758,logreg_controls,16849,51.539607552,43.29327034368,8.24633720832,0.598935546875,2.453291008,2.516647936
1777515855.399356,logreg_controls,16849,51.539607552,43.8086664192,7.730941132799998,0.598935546875,2.453291008,2.518106112
1777515881.2219641,logreg_controls,16849,51.539607552,43.29327034368,8.24633720832,0.598935546875,2.45235712,2.526855168
1777515885.350933,logreg_controls,16849,51.539607552,43.29327034368,8.24633720832,0.598935546875,2.452340736,2.528264192
1777515911.41035,logreg_controls,16849,51.539607552,43.8086664192,7.730941132799998,0.598935546875,2.452340736,2.530394112
1777515914.108394,logreg_controls,16849,51.539607552,43.29327034368,8.24633720832,0.598935546875,2.452340736,2.530639872
1777515940.2824268,logreg_controls,16849,51.539607552,43.29327034368,8.24633720832,0.598935546875,2.45194752,2.532622336
1777515941.5997682,logreg_controls,16849,51.539607552,43.29327034368,8.24633720832,0.598935546875,2.45194752,2.532704256
1777515969.1423428,logreg_controls,16849,51.539607552,43.29327034368,8.24633720832,0.598935546875,2.45194752,2.534506496
1777515971.7787268,logreg_controls,16849,51.539607552,43.29327034368,8.24633720832,0.598935546875,2.45194752,2.53468672
1777515998.3426108,logreg_controls,16849,51.539607552,43.29327034368,8.24633720832,0.598935546875,2.4465408,2.536603648
1777516001.958217,logreg_controls,16849,51.539607552,43.29327034368,8.24633720832,0.598935546875,2.44604928,2.53681664
1777516026.840568,logreg_controls,16849,51.539607552,43.29327034368,8.24633720832,0.598935546875,2.44596736,2.538471424
1777516032.145173,logreg_controls,16849,51.539607552,43.29327034368,8.24633720832,0.598935546875,2.44596736,2.538995712
1777516054.8614888,logreg_controls,16849,51.539607552,43.29327034368,8.24633720832,0.598935546875,2.44596736,2.541748224
1777516062.3356822,logreg_controls,16849,51.539607552,43.29327034368,8.24633720832,0.598935546875,2.44596736,2.54386176
1777516086.633616,logreg_controls,16849,51.539607552,43.29327034368,8.24633720832,0.598935546875,2.44596736,2.552004608
1777516092.533053,logreg_controls,16849,51.539607552,43.29327034368,8.24633720832,0.598935546875,2.44596736,2.553888768
1777516118.333935,logreg_controls,16849,51.539607552,43.29327034368,8.24633720832,0.598935546875,2.44596736,2.553888768
1777516122.7188811,logreg_controls,16849,51.539607552,43.29327034368,8.24633720832,0.598935546875,2.44596736,2.554445824
1777516148.098711,logreg_controls,16849,51.539607552,43.29327034368,8.24633720832,0.598935546875,2.44596736,2.563309568
1777516152.929779,dirichlet_study,16849,51.539607552,43.29327034368,8.24633720832,0.598935546875,2.44596736,3.358490624
1777516157.5838249,dirichlet_study,16849,51.539607552,43.29327034368,8.24633720832,0.598935546875,2.44596736,3.359227904
1777516166.401921,dirichlet_study,16849,51.539607552,43.8086664192,7.730941132799998,0.598935546875,2.44596736,3.361964032
1777516174.506461,dirichlet_study,16849,51.539607552,43.29327034368,8.24633720832,0.598935546875,2.445836288,3.362799616
1777516183.155901,dirichlet_study,16849,51.539607552,43.29327034368,8.24633720832,0.598935546875,2.445836288,3.576283136
1777516183.979198,dirichlet_study,16849,51.539607552,43.29327034368,8.24633720832,0.598935546875,2.445836288,3.576446976
1777516191.821702,dirichlet_study,16849,51.539607552,43.29327034368,8.24633720832,0.598935546875,2.445836288,3.579117568
1777516199.1568651,dirichlet_study,16849,51.539607552,43.29327034368,8.24633720832,0.598935546875,2.445836288,3.588079616
1777516208.066916,dirichlet_study,16849,51.539607552,43.8086664192,7.730941132799998,0.598935546875,2.446393344,4.006985728
1777516213.3845918,dirichlet_study,16849,51.539607552,43.29327034368,8.24633720832,0.598935546875,2.44637696,4.008607744
1777516216.3850088,dirichlet_study,16849,51.539607552,43.29327034368,8.24633720832,0.598935546875,2.446360576,4.009508864
1777516223.541518,dirichlet_study,16849,51.539607552,43.29327034368,8.24633720832,0.598935546875,2.446426112,4.010295296
1777516233.799145,dirichlet_study,16849,51.539607552,43.29327034368,8.24633720832,0.598935546875,2.446180352,4.326129664
1777516242.908591,dirichlet_study,16849,51.539607552,43.8086664192,7.730941132799998,0.598935546875,2.446180352,4.329111552
1777516243.6246028,dirichlet_study,16849,51.539607552,43.29327034368,8.24633720832,0.598935546875,2.446180352,4.329455616
1777516251.5042949,dirichlet_study,16849,51.539607552,43.29327034368,8.24633720832,0.598935546875,2.446180352,4.330471424
1777516258.767362,dirichlet_study,16849,51.539607552,43.29327034368,8.24633720832,0.598935546875,2.446180352,4.424728576
1777516264.7850041,dirichlet_study,16849,51.539607552,43.29327034368,8.24633720832,0.598935546875,2.44744192,4.426563584
1777516270.311347,dirichlet_study,16849,51.539607552,43.29327034368,8.24633720832,0.598935546875,2.44744192,4.435869696
1777516273.901391,dirichlet_study,16849,51.539607552,43.29327034368,8.24633720832,0.598935546875,2.44744192,4.604461056
1777516280.269294,dirichlet_study,16849,51.539607552,43.29327034368,8.24633720832,0.598935546875,2.471821312,4.61922304
1777516288.8855512,dirichlet_study,16849,51.539607552,43.29327034368,8.24633720832,0.598935546875,2.471821312,4.621205504
1777516296.6681302,dirichlet_study,16849,51.539607552,43.29327034368,8.24633720832,0.598935546875,2.471821312,4.622778368
1777516304.1990988,dirichlet_study,16849,51.539607552,43.29327034368,8.24633720832,0.598935546875,2.518351872,4.69164032
1777516304.652071,dirichlet_study,16849,51.539607552,43.29327034368,8.24633720832,0.598935546875,2.518351872,4.691656704
1777516311.309498,dirichlet_study,16849,51.539607552,43.8086664192,8.24633720832,0.598935546875,2.518319104,4.700356608
1777516317.233258,dirichlet_study,16849,51.539607552,43.29327034368,8.24633720832,0.598935546875,2.518286336,4.701159424
1777516326.232661,dirichlet_study,16849,51.539607552,43.29327034368,8.24633720832,0.598935546875,2.54296064,4.783505408
1777516334.059398,dirichlet_study,16849,51.539607552,43.29327034368,8.24633720832,0.598935546875,2.54296064,4.785946624
1777516334.498315,dirichlet_study,16849,51.539607552,43.29327034368,8.24633720832,0.598935546875,2.54296064,4.785946624
1777516341.692752,dirichlet_study,16849,51.539607552,43.29327034368,8.24633720832,0.598935546875,2.54296064,4.786601984
1777516354.145189,dirichlet_study,16849,51.539607552,43.29327034368,8.24633720832,0.598935546875,2.55074304,4.947869696
1777516364.7968068,dirichlet_study,16849,51.539607552,43.29327034368,8.24633720832,0.598935546875,2.55074304,4.950638592
1777516366.364393,dirichlet_study,16849,51.539607552,43.29327034368,8.24633720832,0.598935546875,2.55074304,4.950786048
1777516377.280385,dirichlet_study,16849,51.539607552,43.29327034368,8.24633720832,0.598935546875,2.55074304,4.952702976
1777516388.9512289,dirichlet_study,16849,51.539607552,43.29327034368,8.24633720832,0.598935546875,2.560933888,5.06945536
1777516395.1081479,dirichlet_study,16849,51.539607552,43.29327034368,8.24633720832,0.598935546875,2.560933888,5.070815232
1777516399.991063,dirichlet_study,16849,51.539607552,43.29327034368,8.24633720832,0.598935546875,2.560933888,5.071798272
1777516410.0688791,dirichlet_study,16849,51.539607552,43.29327034368,8.24633720832,0.598935546875,2.560999424,5.08100608
1777516425.45381,dirichlet_study,16849,51.539607552,43.29327034368,8.24633720832,0.598935546875,2.559115264,5.321392128
1777516427.4508932,dirichlet_study,16849,51.539607552,43.29327034368,8.24633720832,0.598935546875,2.559115264,5.321392128
1777516442.908114,dirichlet_study,16849,51.539607552,43.29327034368,8.24633720832,0.598935546875,2.56065536,5.323096064
1777516455.823276,dirichlet_study,16849,51.539607552,43.29327034368,8.24633720832,0.598935546875,2.568552448,5.53590784
1777516459.488584,dirichlet_study,16849,51.539607552,43.29327034368,8.24633720832,0.598935546875,2.568552448,5.53590784
1777516473.924576,dirichlet_study,16849,51.539607552,43.29327034368,8.24633720832,0.598935546875,2.58555904,5.544853504
1777516486.19632,dirichlet_study,16849,51.539607552,43.29327034368,8.24633720832,0.598935546875,2.606350336,5.782536192
1777516499.468055,dirichlet_study,16849,51.539607552,43.29327034368,8.24633720832,0.598935546875,2.606350336,5.785337856
1777516516.5648909,dirichlet_study,16849,51.539607552,43.29327034368,8.24633720832,0.598935546875,2.63053312,5.789466624
1777516523.742518,dirichlet_study,16849,51.539607552,43.29327034368,8.24633720832,0.598935546875,2.63053312,5.790777344
1777516546.779318,dirichlet_study,16849,51.539607552,43.29327034368,8.24633720832,0.598935546875,2.713911296,5.995053056
1777516546.928572,dirichlet_study,16849,51.539607552,43.29327034368,8.24633720832,0.598935546875,2.713911296,5.995053056
1777516568.326854,dirichlet_study,16849,51.539607552,42.777874268160005,8.761733283839995,0.598935546875,2.762063872,6.000427008
1777516577.3309991,dirichlet_study,16849,51.539607552,43.29327034368,8.24633720832,0.598935546875,2.762129408,6.135283712
1777516584.2834911,dirichlet_study,16849,51.539607552,43.29327034368,8.24633720832,0.598935546875,2.762129408,6.135283712
1777516598.565055,dirichlet_study,16849,51.539607552,42.777874268160005,8.761733283839995,0.598935546875,2.762129408,6.137249792
1777516607.746182,dirichlet_study,16849,51.539607552,43.29327034368,8.24633720832,0.598935546875,2.762113024,6.294700032
1777516621.030723,dirichlet_study,16849,51.539607552,42.777874268160005,8.761733283839995,0.598935546875,2.76217856,6.29710848
1777516638.151038,dirichlet_study,16849,51.539607552,43.29327034368,8.24633720832,0.598935546875,2.76217856,6.301319168
1777516642.233984,dirichlet_study,16849,51.539607552,43.29327034368,8.24633720832,0.598935546875,2.76217856,6.302253056
1777516661.89744,dirichlet_study,16849,51.539607552,42.777874268160005,8.761733283839995,0.598935546875,2.77045248,6.424346624
1777516668.565086,dirichlet_study,16849,51.539607552,43.29327034368,8.24633720832,0.598935546875,2.770157568,6.42572288
1777516681.174057,dirichlet_study,16849,51.539607552,42.777874268160005,8.761733283839995,0.598935546875,2.770485248,6.42572288
1777516699.0100439,dirichlet_study,16849,51.539607552,43.29327034368,8.24633720832,0.598935546875,2.966257664,6.578274304
1777516700.924594,dirichlet_study,16849,51.539607552,43.29327034368,8.24633720832,0.598935546875,2.966257664,6.578274304
1777516718.875149,dirichlet_study,16849,51.539607552,43.29327034368,8.24633720832,0.598935546875,2.965454848,6.57915904
1777516729.455004,dirichlet_study,16849,51.539607552,42.777874268160005,8.761733283839995,0.598935546875,2.965389312,6.709379072
1777516749.066425,dirichlet_study,16849,51.539607552,43.29327034368,8.24633720832,0.598935546875,2.965389312,6.7182592
1777516759.896943,dirichlet_study,16849,51.539607552,43.29327034368,8.24633720832,0.598935546875,2.96534016,6.720159744
1777516774.999572,dirichlet_study,16849,51.539607552,43.29327034368,8.24633720832,0.598935546875,2.96534016,6.723862528
1777516790.369031,dirichlet_study,16849,51.539607552,42.777874268160005,8.761733283839995,0.598935546875,2.96534016,6.896074752
1777516804.168053,dirichlet_study,16849,51.539607552,42.777874268160005,8.761733283839995,0.598935546875,2.962767872,6.896074752
1777516820.830505,dirichlet_study,16849,51.539607552,42.777874268160005,8.761733283839995,0.598935546875,2.962669568,6.898384896
1777516832.270473,dirichlet_study,16849,51.539607552,43.29327034368,8.24633720832,0.598935546875,2.962571264,6.90151424
1777516851.313208,dirichlet_study,16849,51.539607552,43.29327034368,8.24633720832,0.598935546875,2.962456576,7.07403776
1777516862.86338,dirichlet_study,16849,51.539607552,42.777874268160005,8.761733283839995,0.598935546875,2.962423808,7.080361984
1777516881.783394,dirichlet_study,16849,51.539607552,43.29327034368,8.24633720832,0.598935546875,2.962341888,7.084965888
1777516892.563948,dirichlet_study,16849,51.539607552,43.29327034368,8.24633720832,0.598935546875,2.962276352,7.087505408
1777516912.285269,dirichlet_study,16849,51.539607552,43.29327034368,8.24633720832,0.598935546875,2.962210816,7.230849024
1777516921.585212,dirichlet_study,16849,51.539607552,43.29327034368,8.24633720832,0.598935546875,2.962210816,7.233273856
1777516942.757198,dirichlet_study,16849,51.539607552,43.29327034368,8.24633720832,0.598935546875,2.962014208,7.237533696
1777516948.985711,dirichlet_study,16849,51.539607552,43.29327034368,8.761733283839995,0.598935546875,2.962014208,7.23918848
1777516973.247234,dirichlet_study,16849,51.539607552,43.29327034368,8.24633720832,0.598935546875,2.96198144,7.377928192
1777516983.785818,dirichlet_study,16849,51.539607552,43.29327034368,8.24633720832,0.598935546875,2.961866752,7.377928192
1777517003.728182,dirichlet_study,16849,51.539607552,43.29327034368,8.24633720832,0.598935546875,2.9618176,7.381254144
1777517017.9440799,dirichlet_study,16849,51.539607552,43.29327034368,8.24633720832,0.598935546875,2.961801216,7.383154688
1777517034.224906,dirichlet_study,16849,51.539607552,43.29327034368,8.24633720832,0.598935546875,2.961784832,7.482441728
1777517044.0164638,dirichlet_study,16849,51.539607552,43.29327034368,8.24633720832,0.598935546875,2.961784832,7.484276736
1777517064.719448,dirichlet_study,16849,51.539607552,43.29327034368,8.24633720832,0.598935546875,2.961702912,7.48879872
1777517069.112603,dirichlet_study,16849,51.539607552,43.29327034368,8.24633720832,0.598935546875,2.961702912,7.489667072
1777517095.230928,dirichlet_study,16849,51.539607552,43.29327034368,8.24633720832,0.598935546875,2.961670144,7.616970752
1777517095.841235,dirichlet_study,16849,51.539607552,42.777874268160005,8.761733283839995,0.598935546875,2.961670144,7.616970752
1777517121.29099,dirichlet_study,16849,51.539607552,43.29327034368,8.24633720832,0.598935546875,2.961539072,7.620755456
1777517125.744033,dirichlet_study,16849,51.539607552,43.29327034368,8.24633720832,0.598935546875,2.961539072,7.738343424
1777517147.082029,dirichlet_study,16849,51.539607552,42.777874268160005,8.24633720832,0.598935546875,2.961620992,7.746306048
1777517156.266287,dirichlet_study,16849,51.539607552,42.777874268160005,8.761733283839995,0.598935546875,3.012755456,7.746306048
1777517173.169528,dirichlet_study,16849,51.539607552,42.777874268160005,8.24633720832,0.598935546875,3.012329472,7.746306048
1777517186.791019,dirichlet_study,16849,51.539607552,42.777874268160005,8.761733283839995,0.598935546875,3.025190912,7.75430144
1777517204.9172108,dirichlet_study,16849,51.539607552,42.777874268160005,8.761733283839995,0.598935546875,3.025158144,7.75634944
1777517217.307519,dirichlet_study,16849,51.539607552,42.777874268160005,8.761733283839995,0.598935546875,3.025125376,7.759921152
1777517236.241219,dirichlet_study,16849,51.539607552,42.777874268160005,8.761733283839995,0.598935546875,3.025125376,7.763181568
1777517247.834097,dirichlet_study,16849,51.539607552,42.777874268160005,8.761733283839995,0.598935546875,3.025125376,7.843545088
1777517264.5241458,dirichlet_study,16849,51.539607552,42.777874268160005,8.761733283839995,0.598935546875,3.025010688,7.847100416
1777517278.363216,dirichlet_study,16849,51.539607552,42.777874268160005,8.761733283839995,0.598935546875,3.02497792,7.849541632
1777517291.950496,dirichlet_study,16849,51.539607552,42.777874268160005,8.761733283839995,0.598935546875,3.02383104,7.851687936
1777517308.900943,dirichlet_study,16849,51.539607552,42.777874268160005,8.761733283839995,0.598935546875,3.023732736,7.96942336
1777517321.028963,dirichlet_study,16849,51.539607552,42.777874268160005,8.761733283839995,0.598935546875,3.023683584,7.970914304
1777517339.433847,dirichlet_study,16849,51.539607552,42.777874268160005,8.761733283839995,0.598935546875,3.023568896,7.975141376
1777517357.8364549,dirichlet_study,16849,51.539607552,43.29327034368,8.24633720832,0.598935546875,3.023568896,7.975141376
1777517369.987127,dirichlet_study,16849,51.539607552,42.777874268160005,8.761733283839995,0.598935546875,3.023716352,8.059092992
1777517388.617464,dirichlet_study,16849,51.539607552,42.777874268160005,8.761733283839995,0.598935546875,3.028795392,8.059092992
1777517400.530039,dirichlet_study,16849,51.539607552,42.777874268160005,8.761733283839995,0.598935546875,3.028795392,8.059092992
1777517418.676987,dirichlet_study,16849,51.539607552,43.29327034368,8.24633720832,0.598935546875,3.028795392,8.059092992
1777517431.080069,dirichlet_study,16849,51.539607552,42.777874268160005,8.761733283839995,0.598935546875,3.028795392,8.13203456
1777517436.429088,dirichlet_study,16849,51.539607552,43.29327034368,8.24633720832,0.598935546875,3.028795392,8.132820992
1777517453.778293,dirichlet_study,16849,51.539607552,43.29327034368,8.24633720832,0.598935546875,3.028779008,8.139669504
1777517461.645102,dirichlet_study,16849,51.539607552,43.29327034368,8.24633720832,0.598935546875,3.028779008,8.230567936
1777517475.829178,dirichlet_study,16849,51.539607552,42.777874268160005,8.761733283839995,0.598935546875,3.028729856,8.234057728
1777517492.200578,dirichlet_study,16849,51.539607552,42.777874268160005,8.24633720832,0.598935546875,3.028729856,8.240627712
1777517498.668761,dirichlet_study,16849,51.539607552,42.777874268160005,8.761733283839995,0.598935546875,3.028615168,8.243085312
1777517517.105216,dirichlet_study,16849,51.539607552,42.777874268160005,8.761733283839995,0.598935546875,3.028451328,8.265170944
1777517522.754101,dirichlet_study,16849,51.539607552,43.29327034368,8.761733283839995,0.598935546875,3.028451328,8.267235328
1777517536.860438,dirichlet_study,16849,51.539607552,42.777874268160005,8.761733283839995,0.598935546875,3.028451328,8.272953344
1777517552.1319401,dirichlet_study,16849,51.539607552,42.777874268160005,8.761733283839995,0.598935546875,3.028353024,8.317353984
1777517553.314002,dirichlet_study,16849,51.539607552,42.777874268160005,8.761733283839995,0.598935546875,3.028353024,8.317648896
1777517568.474894,dirichlet_study,16849,51.539607552,42.777874268160005,8.761733283839995,0.598935546875,3.02833664,8.323596288
1777517583.884835,dirichlet_study,16849,51.539607552,42.777874268160005,8.761733283839995,0.598935546875,3.02833664,8.35756032
1777517588.4691541,dirichlet_study,16849,51.539607552,43.29327034368,8.24633720832,0.598935546875,3.02833664,8.358526976
1777517608.627668,dirichlet_study,16849,51.539607552,42.777874268160005,8.761733283839995,0.598935546875,3.028320256,8.366686208
1777517614.465467,dirichlet_study,16849,51.539607552,43.29327034368,8.24633720832,0.598935546875,3.028320256,8.3759104
1777517629.580766,dirichlet_study,16849,51.539607552,42.777874268160005,8.761733283839995,0.598935546875,3.028320256,8.379727872
1777517645.036261,dirichlet_study,16849,51.539607552,42.777874268160005,8.761733283839995,0.598935546875,3.04472064,8.384200704
1777517648.46365,dirichlet_study,16849,51.539607552,42.777874268160005,8.761733283839995,0.598935546875,3.044245504,8.384200704
1777517667.570306,dirichlet_study,16849,51.539607552,42.777874268160005,8.761733283839995,0.598935546875,3.043049472,8.384200704
1777517675.601842,dirichlet_study,16849,51.539607552,42.777874268160005,8.761733283839995,0.598935546875,3.042869248,8.384200704
1777517687.946608,dirichlet_study,16849,51.539607552,42.777874268160005,8.24633720832,0.598935546875,3.041345536,8.384200704
1777517706.175822,dirichlet_study,16849,51.539607552,42.777874268160005,8.761733283839995,0.598935546875,3.041247232,8.403042304
1777517708.6446688,dirichlet_study,16849,51.539607552,42.777874268160005,8.761733283839995,0.598935546875,3.041214464,8.403042304
1777517732.5546198,dirichlet_study,16849,51.539607552,42.777874268160005,8.761733283839995,0.598935546875,3.041083392,8.410677248
1777517736.753324,dirichlet_study,16849,51.539607552,42.777874268160005,8.761733283839995,0.598935546875,3.041083392,8.457486336
1777517755.6899688,dirichlet_study,16849,51.539607552,42.777874268160005,8.761733283839995,0.598935546875,3.038560256,8.46200832
1777517767.332921,dirichlet_study,16849,51.539607552,42.777874268160005,8.761733283839995,0.598935546875,3.037855744,8.46651392
1777517779.55626,dirichlet_study,16849,51.539607552,42.777874268160005,8.761733283839995,0.598935546875,3.037822976,8.469037056
1777517797.9110558,dirichlet_study,16849,51.539607552,42.777874268160005,8.761733283839995,0.598935546875,3.037806592,8.538636288
1777517802.1319702,dirichlet_study,16849,51.539607552,42.777874268160005,8.761733283839995,0.598935546875,3.037806592,8.539553792
1777517825.091348,dirichlet_study,16849,51.539607552,42.777874268160005,8.761733283839995,0.598935546875,3.037790208,8.546975744
1777517826.560413,dirichlet_study,16849,51.539607552,44.32406249472,7.215545057279996,0.598935546875,3.037790208,8.546975744
1777517828.4947891,stronger_ga,16849,51.539607552,42.777874268160005,8.761733283839995,0.598935546875,3.037724672,8.546975744
1777517859.07658,stronger_ga,16849,51.539607552,42.777874268160005,8.761733283839995,0.598935546875,3.037691904,8.546975744
1777517889.659606,stronger_ga,16849,51.539607552,42.777874268160005,8.761733283839995,0.598935546875,3.078520832,8.546975744
1777517920.241257,stronger_ga,16849,51.539607552,42.777874268160005,8.761733283839995,0.598935546875,3.076882432,8.546975744
1777517950.8185039,stronger_ga,16849,51.539607552,42.777874268160005,8.761733283839995,0.598935546875,3.076816896,8.546975744
1777517981.3966458,stronger_ga,16849,51.539607552,42.777874268160005,8.761733283839995,0.598935546875,3.076816896,8.546975744
1777518011.986351,stronger_ga,16849,51.539607552,42.777874268160005,8.761733283839995,0.598935546875,3.076554752,8.546975744
1777518042.45938,stronger_ga,16849,51.539607552,44.32406249472,7.215545057279996,0.598935546875,3.12500224,8.546975744
1777518072.911072,stronger_ga,16849,51.539607552,44.32406249472,7.215545057279996,0.598935546875,3.124314112,8.546975744
1777518103.3742259,stronger_ga,16849,51.539607552,44.32406249472,7.215545057279996,0.598935546875,3.124281344,8.546975744
1777518133.83351,stronger_ga,16849,51.539607552,44.32406249472,7.215545057279996,0.598935546875,3.123986432,8.546975744
1777518164.2793689,stronger_ga,16849,51.539607552,44.32406249472,7.215545057279996,0.598935546875,3.123232768,8.546975744
1777518194.723503,stronger_ga,16849,51.539607552,44.32406249472,7.215545057279996,0.598935546875,3.122397184,8.546975744
1777518225.158637,stronger_ga,16849,51.539607552,44.32406249472,7.215545057279996,0.598935546875,3.122397184,8.546975744
1777518255.729596,stronger_ga,16849,51.539607552,43.8086664192,7.730941132799998,0.598935546875,3.183951872,8.546975744
1777518286.297268,stronger_ga,16849,51.539607552,42.777874268160005,8.761733283839995,0.598935546875,3.18193664,8.546975744
1777518316.864728,stronger_ga,16849,51.539607552,43.8086664192,7.730941132799998,0.598935546875,3.181101056,8.546975744
1777518347.4399822,stronger_ga,16849,51.539607552,42.777874268160005,7.730941132799998,0.598935546875,3.180560384,8.546975744
1777518378.0083368,stronger_ga,16849,51.539607552,43.8086664192,7.730941132799998,0.598935546875,3.180478464,8.546975744
1777518408.58908,stronger_ga,16849,51.539607552,43.8086664192,7.730941132799998,0.598935546875,3.179167744,8.546975744
1777518439.165038,stronger_ga,16849,51.539607552,42.777874268160005,8.761733283839995,0.598935546875,3.179003904,8.546975744
1777518469.7457411,stronger_ga,16849,51.539607552,43.8086664192,7.730941132799998,0.598935546875,3.178037248,8.546975744
1777518500.317591,stronger_ga,16849,51.539607552,43.8086664192,7.730941132799998,0.598935546875,3.177938944,8.546975744
1777518530.886796,stronger_ga,16849,51.539607552,42.777874268160005,8.761733283839995,0.598935546875,3.177889792,8.546975744
1777518561.4610791,stronger_ga,16849,51.539607552,43.29327034368,8.24633720832,0.598935546875,3.177480192,8.546975744
1777518592.054346,stronger_ga,16849,51.539607552,43.29327034368,8.24633720832,0.598935546875,3.176972288,8.546975744
1777518622.628022,stronger_ga,16849,51.539607552,42.777874268160005,8.761733283839995,0.598935546875,3.16956672,8.546975744
1777518653.207906,stronger_ga,16849,51.539607552,42.777874268160005,8.761733283839995,0.598935546875,3.269033984,8.546975744
1777518683.778846,stronger_ga,16849,51.539607552,43.8086664192,7.730941132799998,0.598935546875,3.279028224,8.546975744
1777518714.357435,stronger_ga,16849,51.539607552,42.777874268160005,8.761733283839995,0.598935546875,3.27876608,8.546975744
1777518744.933571,stronger_ga,16849,51.539607552,42.777874268160005,8.761733283839995,0.598935546875,3.276619776,8.546975744
1777518775.500732,stronger_ga,16849,51.539607552,42.777874268160005,7.730941132799998,0.598935546875,3.276537856,8.546975744
1777518805.989428,stronger_ga,16849,51.539607552,42.777874268160005,8.761733283839995,0.598935546875,3.302981632,8.546975744
1777518836.441556,stronger_ga,16849,51.539607552,43.29327034368,8.761733283839995,0.598935546875,3.34774272,8.546975744
1777518866.915858,stronger_ga,16849,51.539607552,42.777874268160005,7.730941132799998,0.598935546875,3.345596416,8.546975744
1777518897.366764,stronger_ga,16849,51.539607552,42.777874268160005,8.761733283839995,0.598935546875,3.345465344,8.546975744
1777518927.92984,stronger_ga,16849,51.539607552,42.777874268160005,8.761733283839995,0.598935546875,3.324084224,8.546975744
1777518958.499062,stronger_ga,16849,51.539607552,43.8086664192,7.730941132799998,0.598935546875,3.309551616,8.546975744
1777518988.962485,stronger_ga,16849,51.539607552,43.29327034368,8.24633720832,0.598935546875,3.361603584,8.546975744
1777519019.415883,stronger_ga,16849,51.539607552,43.8086664192,7.730941132799998,0.598935546875,3.360227328,8.546975744
1777519049.866251,stronger_ga,16849,51.539607552,45.35485464576,6.18475290624,0.598935546875,3.36011264,8.546975744
1777519080.3135412,stronger_ga,16849,51.539607552,43.8086664192,7.730941132799998,0.598935546875,3.360079872,8.546975744
1777519110.7582662,stronger_ga,16849,51.539607552,43.8086664192,7.730941132799998,0.598935546875,3.35921152,8.546975744
1777519141.3419,stronger_ga,16849,51.539607552,42.26247819264,9.277129359359996,0.598935546875,3.419734016,8.546975744
1777519171.791957,stronger_ga,16849,51.539607552,42.777874268160005,8.761733283839995,0.598935546875,3.4750464,8.546975744
1777519202.230732,stronger_ga,16849,51.539607552,42.777874268160005,8.761733283839995,0.598935546875,3.473506304,8.546975744
1777519232.674113,stronger_ga,16849,51.539607552,42.777874268160005,8.761733283839995,0.598935546875,3.47348992,8.546975744
1777519263.117377,stronger_ga,16849,51.539607552,42.777874268160005,8.761733283839995,0.598935546875,3.473309696,8.546975744
1777519293.563243,stronger_ga,16849,51.539607552,42.777874268160005,8.761733283839995,0.598935546875,3.448143872,8.546975744
1777519324.0055628,stronger_ga,16849,51.539607552,42.777874268160005,8.761733283839995,0.598935546875,3.448078336,8.546975744
1777519354.4407942,stronger_ga,16849,51.539607552,42.777874268160005,8.761733283839995,0.598935546875,3.447947264,8.546975744
1777519384.884979,stronger_ga,16849,51.539607552,42.777874268160005,8.761733283839995,0.598935546875,3.446177792,8.546975744
1777519415.3198268,stronger_ga,16849,51.539607552,42.777874268160005,8.761733283839995,0.598935546875,3.445751808,8.546975744
1777519445.754067,stronger_ga,16849,51.539607552,42.777874268160005,8.761733283839995,0.598935546875,3.445604352,8.546975744
1777519476.195807,stronger_ga,16849,51.539607552,42.777874268160005,8.761733283839995,0.598935546875,3.444588544,8.546975744
1777519506.6319911,stronger_ga,16849,51.539607552,42.777874268160005,8.761733283839995,0.598935546875,3.444473856,8.546975744
1777519537.070826,stronger_ga,16849,51.539607552,42.777874268160005,8.761733283839995,0.598935546875,3.444473856,8.546975744
1777519567.511032,stronger_ga,16849,51.539607552,42.777874268160005,8.761733283839995,0.598935546875,3.444441088,8.546975744
1777519597.9645052,stronger_ga,16849,51.539607552,42.777874268160005,8.761733283839995,0.598935546875,3.444228096,8.546975744
1777519628.4155571,stronger_ga,16849,51.539607552,42.777874268160005,8.761733283839995,0.598935546875,3.441557504,8.546975744
1777519658.965353,stronger_ga,16849,51.539607552,42.26247819264,7.730941132799998,0.598935546875,3.46488832,8.546975744
1777519689.530646,stronger_ga,16849,51.539607552,43.8086664192,7.730941132799998,0.598935546875,3.464822784,8.546975744
1777519720.10385,stronger_ga,16849,51.539607552,42.26247819264,9.277129359359996,0.598935546875,3.464740864,8.546975744
1777519750.674242,stronger_ga,16849,51.539607552,42.26247819264,7.730941132799998,0.598935546875,3.464577024,8.546975744
1777519781.2416902,stronger_ga,16849,51.539607552,42.26247819264,9.277129359359996,0.598935546875,3.464249344,8.546975744
1777519811.82646,stronger_ga,16849,51.539607552,42.26247819264,9.277129359359996,0.598935546875,3.46423296,8.546975744
1777519842.40138,stronger_ga,16849,51.539607552,42.26247819264,9.277129359359996,0.598935546875,3.463643136,8.546975744
1777519872.973567,stronger_ga,16849,51.539607552,43.8086664192,7.730941132799998,0.598935546875,3.463643136,8.546975744
1777519903.542686,stronger_ga,16849,51.539607552,42.26247819264,9.277129359359996,0.598935546875,3.463626752,8.546975744
1777519934.11532,stronger_ga,16849,51.539607552,42.26247819264,9.277129359359996,0.598935546875,3.463626752,8.546975744
1777519964.6954298,stronger_ga,16849,51.539607552,42.26247819264,9.277129359359996,0.598935546875,3.463512064,8.546975744
1777519995.273589,stronger_ga,16849,51.539607552,42.26247819264,9.277129359359996,0.598935546875,3.463380992,8.546975744
1777520025.8531132,stronger_ga,16849,51.539607552,42.26247819264,9.277129359359996,0.598935546875,3.463364608,8.546975744
1777520056.4342558,stronger_ga,16849,51.539607552,42.26247819264,9.277129359359996,0.598935546875,3.463364608,8.546975744
1777520087.012932,stronger_ga,16849,51.539607552,42.26247819264,9.277129359359996,0.598935546875,3.46324992,8.546975744
1777520117.588471,stronger_ga,16849,51.539607552,41.74708211712,9.277129359359996,0.598935546875,3.4623488,8.546975744
1777520148.1568909,stronger_ga,16849,51.539607552,42.26247819264,8.24633720832,0.598935546875,3.451011072,8.546975744
1777520178.736725,stronger_ga,16849,51.539607552,42.26247819264,9.277129359359996,0.598935546875,3.450732544,8.546975744
1777520209.307453,stronger_ga,16849,51.539607552,42.26247819264,9.277129359359996,0.598935546875,3.450617856,8.546975744
1777520239.8856099,stronger_ga,16849,51.539607552,42.26247819264,9.277129359359996,0.598935546875,3.450322944,8.546975744
1777520270.462571,stronger_ga,16849,51.539607552,42.26247819264,9.277129359359996,0.598935546875,3.448897536,8.546975744
1777520301.037178,stronger_ga,16849,51.539607552,43.8086664192,7.730941132799998,0.598935546875,3.448897536,8.546975744
1777520331.617386,stronger_ga,16849,51.539607552,42.26247819264,9.277129359359996,0.598935546875,3.448881152,8.546975744
1777520362.1942341,stronger_ga,16849,51.539607552,42.26247819264,9.277129359359996,0.598935546875,3.448799232,8.546975744
1777520392.777036,stronger_ga,16849,51.539607552,42.26247819264,9.277129359359996,0.598935546875,3.448700928,8.546975744
1777520423.3537679,stronger_ga,16849,51.539607552,42.26247819264,9.277129359359996,0.598935546875,3.448684544,8.546975744
1777520453.928042,stronger_ga,16849,51.539607552,42.26247819264,9.277129359359996,0.598935546875,3.447078912,8.546975744
1777520484.525032,stronger_ga,16849,51.539607552,42.26247819264,9.277129359359996,0.598935546875,3.446652928,8.546975744
1777520511.835032,stronger_ga,16849,51.539607552,42.26247819264,9.277129359359996,0.598935546875,3.446587392,8.546975744
1777520515.1110091,loss_landscape,16849,51.539607552,42.26247819264,9.277129359359996,0.598935546875,3.439558656,8.546975744
