method,seed,mu,stopped_round,stopped_early,best_round,best_loss,final_loss,final_accuracy,final_worst_client_accuracy,total_comm_until_stop,final_auroc,final_auprc,final_balanced_accuracy,final_sensitivity,final_specificity,final_worst_client_recall,final_worst_client_auprc,dense_cost,sparse_cost,beta
fedprox_mu_0p0,7,0.0,30,True,15,0.3377053456174003,0.36648981604311204,0.8985455698437161,0.8338770270347595,363496800,0.8917449783924016,0.6376716739171441,0.7935662060982578,0.6848920863309352,0.9022403258655805,0.2,0.18206066291432144,363496800.0,363496800.0,
fedprox_mu_0p0,11,0.0,40,True,25,0.3425443404250675,0.4069126811292436,0.8790110548337301,0.8097866773605347,484662400,0.8819784535267545,0.6355609892662759,0.8043200100167968,0.7467625899280576,0.861877430105536,0.1,0.13795494834647593,484662400.0,484662400.0,
fedprox_mu_0p0,19,0.0,29,True,14,0.29584944910473293,0.35944441788726383,0.8814378049638536,0.8351317644119263,351380240,0.8972576650769738,0.6427285045577831,0.8044604050142592,0.7309352517985611,0.8779855582299574,0.4,0.2166039483772042,351380240.0,351380240.0,
fedprox_mu_0p0,23,0.0,42,True,27,0.3099760620130433,0.3330107894208696,0.8888364368014865,0.8110414147377014,508895520,0.8861151330740629,0.6228093962972715,0.7853860884630566,0.6829736211031175,0.8877985558229957,0.1,0.18787432512276458,508895520.0,508895520.0,
fedprox_mu_0p0,29,0.0,32,True,17,0.32376858012543785,0.41446416411134934,0.858450690905253,0.7867001295089722,387729920,0.8928141175265676,0.6488356095938189,0.8121654796140869,0.7860911270983213,0.8382398321298525,0.4,0.1606242211507254,387729920.0,387729920.0,
fedprox_mu_0p0,31,0.0,43,True,28,0.285082436270184,0.3316149628824658,0.9076878097322252,0.8383939862251282,521012080,0.8740412520936777,0.6199951156839536,0.7763645776583695,0.6354916067146283,0.9172375486021107,0.1,0.12085084033613444,521012080.0,521012080.0,
fedprox_mu_0p0,37,0.0,35,True,20,0.32099353273709613,0.38768550919161904,0.8882645964622498,0.8085319995880127,424079600,0.8966661886191843,0.6428360031360589,0.8077560021969463,0.7376498800959232,0.8778621242979695,0.2,0.19880558902369216,424079600.0,424079600.0,
fedprox_mu_0p0,41,0.0,45,True,30,0.29674936996565926,0.30278710027535755,0.9151885774400499,0.8648136258125305,545245200,0.8839995435608559,0.6290118373912748,0.7624718666096562,0.5856115107913669,0.9393322224279455,0.0,0.1145255837475517,545245200.0,545245200.0,
fedprox_mu_0p0,43,0.0,31,True,16,0.32966602179739213,0.38260359234280056,0.890495068497128,0.8082810640335083,375613360,0.8953200187489334,0.6362519771833707,0.8012733231300537,0.7189448441247003,0.8836018021354071,0.1,0.23310038545332662,375613360.0,375613360.0,
fedprox_mu_0p0,47,0.0,38,True,23,0.33267100983195835,0.4064021242989434,0.8783706956439548,0.8020075559616089,460429280,0.9020699159983252,0.6475222624320184,0.8166331219416246,0.7697841726618705,0.8634820712213788,0.3,0.1976174456610834,460429280.0,460429280.0,
fedprox_mu_0p001,7,0.001,30,True,15,0.3218076270487573,0.3999188128444884,0.8773093488481309,0.8130132555961609,363496800,0.905030569138468,0.6506106587361233,0.8174187034375462,0.7688249400479616,0.8660124668271307,0.4,0.2663465778259852,363496800.0,363496800.0,
fedprox_mu_0p001,11,0.001,30,True,15,0.300066498418649,0.33319996959633297,0.8840233484903971,0.8062735199928284,363496800,0.9091350729821623,0.6579443728179922,0.8176603320195168,0.7649880095923262,0.8703326544467074,0.3,0.23138183270505075,363496800.0,363496800.0,
fedprox_mu_0p001,19,0.001,39,True,24,0.30031836529572803,0.37869412700335187,0.8827540278434753,0.8220828175544739,472545840,0.9004341203948525,0.6497052125033833,0.8129135869234625,0.7520383693045564,0.8737888045423687,0.5,0.36974773956796425,472545840.0,472545840.0,
fedprox_mu_0p001,23,0.001,36,True,21,0.32001787258519065,0.40151722232500714,0.879621062013838,0.824843168258667,436196160,0.8956349380780508,0.6447349377856382,0.8120584295385391,0.747242206235012,0.8768746528420663,0.5,0.2086982987174803,436196160.0,436196160.0,
fedprox_mu_0p001,29,0.001,42,True,27,0.3000948015186522,0.3644442293379042,0.8951450321409438,0.826097846031189,508895520,0.8945003375192828,0.6407052913387834,0.7996503445271925,0.705515587529976,0.893785101524409,0.0,0.19434009808069957,508895520.0,508895520.0,
fedprox_mu_0p001,31,0.001,33,True,18,0.2938697992099656,0.4187348021401299,0.8900109993086921,0.8311166763305664,399846480,0.9034693667025276,0.6546422720623375,0.8074034606789666,0.7280575539568346,0.8867493674010986,0.3,0.22991657647907648,399846480.0,399846480.0,
fedprox_mu_0p001,37,0.001,38,True,36,0.3032231777906418,0.3971044785446591,0.8683308760325114,0.8212255239486694,460429280,0.9008123847154454,0.6512154005318783,0.8137536036714046,0.7683453237410072,0.8591618836018021,0.6,0.27401652492039863,460429280.0,460429280.0,
fedprox_mu_0p001,41,0.001,35,True,20,0.29401412937376237,0.3779919577969445,0.8606533275710212,0.7854453921318054,424079600,0.906469181255625,0.6612600753498388,0.8263071009587442,0.8148681055155875,0.8377460964019009,0.6,0.2719373902789165,424079600.0,424079600.0,
fedprox_mu_0p001,43,0.001,42,True,27,0.3213781913121541,0.3971393307050069,0.8784476253721449,0.8153073787689209,508895520,0.9022493540068889,0.6464118107246924,0.8099794113977472,0.7501199040767386,0.8698389187187557,0.4,0.19387301587301586,508895520.0,508895520.0,
fedprox_mu_0p001,47,0.001,40,True,25,0.28676049825217986,0.3868286775218116,0.8749386866887411,0.8030112981796265,484662400,0.9016723521756563,0.6535836966356887,0.8092987043433204,0.7544364508393285,0.8641609578473122,0.5,0.2692776753490007,484662400.0,484662400.0,
fedprox_mu_0p01,7,0.01,64,True,49,0.27501191364394295,0.29535191423363155,0.8648978273073832,0.7978521585464478,775459840,0.9040115583889119,0.6481445785244989,0.8208966098737378,0.7904076738609113,0.8513855458865642,0.6,0.3782719488045755,775459840.0,775459840.0,
fedprox_mu_0p01,11,0.01,46,True,37,0.276435191432635,0.30254554996887845,0.8558543655607436,0.7628607153892517,557361760,0.912098390164003,0.6643877519105227,0.8318365859062427,0.841726618705036,0.8219465531074492,0.5,0.3377235772357724,557361760.0,557361760.0,
fedprox_mu_0p01,19,0.01,43,True,28,0.27547791517443126,0.28821900569730335,0.8523248036702474,0.7573400139808655,521012080,0.9095089860346494,0.6612683743007854,0.8246379012324301,0.829736211031175,0.8195395914336852,0.4,0.26317000688597597,521012080.0,521012080.0,
fedprox_mu_0p01,23,0.01,55,True,40,0.24539199554257923,0.3126716406808959,0.8759394685427347,0.8112923502922058,666410800,0.9012894701827874,0.6532481924070193,0.8205749268387549,0.7808153477218226,0.8603345059556872,0.6,0.3287923861650517,666410800.0,666410800.0,
fedprox_mu_0p01,29,0.01,30,True,15,0.29229403618309235,0.30249403831031585,0.8512896762953864,0.773149311542511,363496800,0.9148405622844809,0.6724641036780702,0.833695953809069,0.8474820143884892,0.8199098932296488,0.4,0.4292116728100958,363496800.0,363496800.0,
fedprox_mu_0p01,31,0.01,77,True,62,0.26125161349773407,0.3023701359828313,0.8732855584886339,0.8045169115066528,932975120,0.8962705044259353,0.6394471684972421,0.8135446540009245,0.7678657074340528,0.8592236005677961,0.6,0.3225253189994508,932975120.0,932975120.0,
fedprox_mu_0p01,37,0.01,26,True,11,0.2985737613505787,0.31921352528863484,0.8490143087175157,0.771894633769989,315030560,0.9149862853653385,0.6754309782101128,0.8342637054955184,0.8508393285371703,0.8176880824538666,0.5,0.2824813136503784,315030560.0,315030560.0,
fedprox_mu_0p01,41,0.01,43,True,28,0.27080003337727654,0.3160025162829293,0.8532053430875143,0.7708908319473267,521012080,0.911968725334489,0.6674814832525702,0.8277527875866313,0.834052757793765,0.8214528173794976,0.4,0.3606656545224551,521012080.0,521012080.0,
fedprox_mu_0p01,43,0.01,65,True,50,0.26061439596944386,0.2940855042801963,0.8699445128440857,0.7922208309173584,787576400,0.9043372670869045,0.6483742375174253,0.8213506069797004,0.7952038369304556,0.8474973770289452,0.5,0.343201332768281,787576400.0,787576400.0,
fedprox_mu_0p01,47,0.01,40,True,25,0.24885142842928568,0.2795831519696448,0.8664310375849406,0.7937460541725159,484662400,0.9121633187802655,0.6682672980855462,0.8280466757865694,0.8119904076738609,0.8441029438992779,0.4,0.40127419743903103,484662400.0,484662400.0,
fedprox_mu_0p1,7,0.1,30,True,15,0.2814623506532775,0.2821935887138049,0.8482462167739868,0.7681617140769958,363496800,0.9112095030511418,0.6553331168916954,0.8295036401909763,0.8450839328537171,0.8139233475282355,0.4,0.3147498335195773,363496800.0,363496800.0,
fedprox_mu_0p1,11,0.1,38,True,23,0.28655680682924056,0.3118952355451054,0.8339980443318685,0.7385194301605225,460429280,0.9135655075273238,0.6673285111838767,0.8328236133551963,0.8752997601918465,0.7903474665185459,0.5,0.29737501950847817,460429280.0,460429280.0,
fedprox_mu_0p1,19,0.1,29,True,14,0.2681577776869138,0.2828351590368483,0.854886876212226,0.7687934041023254,351380240,0.9137946299135474,0.6681749146176982,0.8306542842008563,0.8402877697841726,0.82102079861754,0.5,0.3834837970616146,351380240.0,351380240.0,
fedprox_mu_0p1,23,0.1,27,True,12,0.28336318251159454,0.31494111236598754,0.8252518441942003,0.7254705429077148,327147120,0.9123770489255698,0.6644671045242405,0.8259008345998631,0.8676258992805755,0.7841757699191507,0.6,0.3429404836742318,327147120.0,327147120.0,
fedprox_mu_0p1,29,0.1,32,True,17,0.27283575882514316,0.3051408545838462,0.8336417078971863,0.7503136992454529,387729920,0.9127613813411408,0.6664349065646094,0.8321245688137511,0.8661870503597122,0.7980620872677899,0.5,0.372993608220668,387729920.0,387729920.0,
fedprox_mu_0p1,31,0.1,52,True,37,0.2738129761483934,0.2848614470826255,0.8457862006293403,0.7681304812431335,630061120,0.914275134234401,0.670590123076036,0.8308975112078454,0.8489208633093526,0.8128741591063383,0.5,0.3332288246016469,630061120.0,630061120.0,
fedprox_mu_0p1,37,0.1,44,True,29,0.2738954747716586,0.278452949391471,0.8541762034098307,0.7736511826515198,533128640,0.9141883752764499,0.6681505982446687,0.8304110571938672,0.8316546762589928,0.8291674381287416,0.5,0.3662172533737918,533128640.0,533128640.0,
fedprox_mu_0p1,41,0.1,48,True,33,0.2728652622964647,0.3011723177300559,0.8465027279324002,0.7613551020622253,581594880,0.9129761771031238,0.6715228039961333,0.8326449449586785,0.8517985611510791,0.8134913287662778,0.5,0.2677796971546971,581594880.0,581594880.0,
fedprox_mu_0p1,43,0.1,32,True,17,0.2949213915401035,0.31157181246413124,0.835287974940406,0.7432873249053955,387729920,0.9117089072678164,0.6603995149284122,0.8290784591360424,0.8613908872901679,0.7967660309819169,0.5,0.33019772818027526,387729920.0,387729920.0,
fedprox_mu_0p1,47,0.1,21,True,6,0.29883597791194916,0.309586886730459,0.8408768243259854,0.7460476756095886,254447760,0.91126293188741,0.6608608846778999,0.8312280743818202,0.8537170263788969,0.8087391223847435,0.5,0.2971674179139227,254447760.0,254447760.0,
logreg_fedavg,7,,80,False,78,0.37709448155429626,0.377263112200631,0.853619376818339,0.7751105427742004,6540800,0.8958385744653674,0.6100676654745052,0.8129455998245285,0.7980815347721822,0.8278096648768747,0.4,0.2607685249624744,6540800.0,6540800.0,
logreg_cvar_0.5,7,,80,False,72,0.37813668698072433,0.38294831332233215,0.8514108326699998,0.7703726887702942,6540800,0.8958741986229568,0.6094656524983205,0.8105218990887646,0.7971223021582734,0.8239214960192557,0.4,0.25194855864525634,6540800.0,6540800.0,
logreg_cvar_0.75,7,,80,False,72,0.37752507875363034,0.3872638526890013,0.8499213920699226,0.7659507393836975,6540800,0.8950111231140989,0.6076710966294597,0.8096816603373476,0.7976019184652278,0.8217614022094674,0.4,0.27581544685611864,6540800.0,6540800.0,
logreg_cvar_0.9,7,,80,False,72,0.37752507875363034,0.3872638526890013,0.8499213920699226,0.7659507393836975,6540800,0.8950111231140989,0.6076710966294597,0.8096816603373476,0.7976019184652278,0.8217614022094674,0.4,0.27581544685611864,6540800.0,6540800.0,
logreg_cvar_0.95,7,,80,False,72,0.37752507875363034,0.3872638526890013,0.8499213920699226,0.7659507393836975,6540800,0.8950111231140989,0.6076710966294597,0.8096816603373476,0.7976019184652278,0.8217614022094674,0.4,0.27581544685611864,6540800.0,6540800.0,
logreg_fedprox_mu_0p0,7,0.0,80,False,78,0.3757210580839051,0.3764447354608112,0.8546127014689975,0.7766898274421692,6540800,0.896050158577082,0.6103218791882324,0.8139806688254284,0.7990407673860911,0.8289205702647657,0.4,0.2593821776061576,6540800.0,6540800.0,
logreg_fedprox_mu_0p001,7,0.001,80,False,78,0.37550465679830974,0.37629399117496276,0.8541371888584561,0.7760581374168396,6540800,0.8961045346281761,0.6103556359416261,0.8133467601034892,0.7980815347721822,0.828611985434796,0.4,0.25939047965223777,6540800.0,6540800.0,
logreg_fedprox_mu_0p01,7,0.01,80,False,78,0.3731483328673575,0.3733753032154507,0.8548831409878201,0.7754263877868652,6540800,0.8965979891517263,0.6113609943910027,0.8136862034164558,0.7980815347721822,0.8292908720607295,0.4,0.25587519936204145,6540800.0,6540800.0,
logreg_fedprox_mu_0p1,7,0.1,80,False,80,0.3553280590309037,0.3553280590309037,0.8582567903730605,0.7763739824295044,6540800,0.9001093589116856,0.6183239004261311,0.8166724165566639,0.7985611510791367,0.8347836820341912,0.4,0.25639536062185203,6540800.0,6540800.0,
logreg_fedavg,11,,76,True,61,0.36591561138629913,0.4011850323941972,0.8473519219292535,0.7493098974227905,6213760,0.8961542486062992,0.599854829662236,0.8108956197382401,0.8052757793764987,0.8165154600999814,0.4,0.26897597057921546,6213760.0,6213760.0,
logreg_cvar_0.5,11,,80,False,79,0.35709239542484283,0.41806597179836696,0.8389738467004564,0.7550815343856812,6540800,0.8908642462071816,0.6028475903823163,0.8026644857045302,0.7942446043165468,0.8110843670925137,0.5,0.26194342773066176,6540800.0,6540800.0,
logreg_cvar_0.75,11,,76,True,61,0.37380483498175937,0.40415530982944703,0.8461763660113016,0.7422835826873779,6213760,0.8966389413927106,0.6004530603674401,0.810969635696738,0.8086330935251799,0.813306177868296,0.4,0.27048329021667844,6213760.0,6213760.0,
logreg_cvar_0.9,11,,76,True,61,0.371228604680962,0.40254032280710006,0.8465918170081245,0.7392722964286804,6213760,0.8966593805126237,0.6008406150249697,0.811425453231194,0.8091127098321343,0.8137381966302537,0.4,0.2703051462195366,6213760.0,6213760.0,
logreg_cvar_0.95,11,,76,True,61,0.371228604680962,0.40254032280710006,0.8465918170081245,0.7392722964286804,6213760,0.8966593805126237,0.6008406150249697,0.811425453231194,0.8091127098321343,0.8137381966302537,0.4,0.2703051462195366,6213760.0,6213760.0,
logreg_fedprox_mu_0p0,11,0.0,76,True,61,0.36475782675875557,0.40552922669384217,0.846746563911438,0.7493098974227905,6213760,0.8961736073093017,0.5984289743428699,0.8113443775621976,0.8062350119904077,0.8164537431339876,0.4,0.2786488500732687,6213760.0,6213760.0,
logreg_fedprox_mu_0p001,11,0.001,76,True,61,0.36440277596314746,0.4054117484225167,0.8468908071517944,0.7500627636909485,6213760,0.8961855658964775,0.598417371670761,0.811762276903158,0.8071942446043165,0.8163303092019997,0.4,0.27868284980127084,6213760.0,6213760.0,
logreg_fedprox_mu_0p01,11,0.01,76,True,61,0.3606308193670379,0.4050275940034125,0.8466865950160556,0.7490589618682861,6213760,0.8964479444032258,0.5975008618441187,0.8121184592781245,0.8081534772182254,0.8160834413380238,0.4,0.2865761977800282,6213760.0,6213760.0,
logreg_fedprox_mu_0p1,11,0.1,77,True,62,0.33996493617693585,0.3569853338930342,0.8517474797036912,0.7834379076957703,6295520,0.8969509302759606,0.6077796727533302,0.8102098954052829,0.7889688249400479,0.8314509658705178,0.4,0.2310849572113489,6295520.0,6295520.0,
logreg_fedavg,19,,80,False,68,0.36054787288109463,0.37481483072042465,0.8502141767077975,0.7706398963928223,6540800,0.8934070592072906,0.5903072306366096,0.806082717606696,0.7947242206235012,0.8174412145898907,0.4,0.26537589887052254,6540800.0,6540800.0,
logreg_cvar_0.5,19,,80,False,68,0.36042117410235935,0.37866590172052383,0.8477003971735636,0.7719519734382629,6540800,0.8919596261520685,0.5879742324261468,0.8061946517586893,0.7976019184652278,0.8147873850521509,0.2,0.2588650583752478,6540800.0,6540800.0,
logreg_cvar_0.75,19,,80,False,68,0.3599785889188449,0.37779349585374195,0.8471518754959106,0.769109308719635,6540800,0.890411610722531,0.5854810825225106,0.8029061142865008,0.7904076738609113,0.8154045547120904,0.2,0.255555170518935,6540800.0,6540800.0,
logreg_cvar_0.9,19,,80,False,68,0.3599785889188449,0.37779349585374195,0.8471518754959106,0.769109308719635,6540800,0.890411610722531,0.5854810825225106,0.8029061142865008,0.7904076738609113,0.8154045547120904,0.2,0.255555170518935,6540800.0,6540800.0,
logreg_cvar_0.95,19,,80,False,68,0.3599785889188449,0.37779349585374195,0.8471518754959106,0.769109308719635,6540800,0.890411610722531,0.5854810825225106,0.8029061142865008,0.7904076738609113,0.8154045547120904,0.2,0.255555170518935,6540800.0,6540800.0,
logreg_fedprox_mu_0p0,19,0.0,80,False,68,0.3598623490995831,0.37421493646171355,0.8501286705334982,0.7716436386108398,6540800,0.8935741094219606,0.5908131640483965,0.8057027364592311,0.7932853717026379,0.8181201012158242,0.4,0.26427333920523244,6540800.0,6540800.0,
logreg_fedprox_mu_0p001,19,0.001,80,False,68,0.35958150194750893,0.37384990685515934,0.8501682546403673,0.7716436386108398,6540800,0.8936492797985274,0.5910636681690221,0.8057335949422281,0.7932853717026379,0.8181818181818182,0.4,0.26427333920523244,6540800.0,6540800.0,
logreg_fedprox_mu_0p01,19,0.01,80,False,68,0.3574064564373758,0.3717438015672896,0.8503718177477518,0.771894633769989,6540800,0.8945533963497596,0.5927997209723863,0.8075665444315534,0.7966426858513189,0.818490403011788,0.4,0.26763601830739414,6540800.0,6540800.0,
logreg_fedprox_mu_0p1,19,0.1,80,False,68,0.34118204481071895,0.35229361553986865,0.8567462099923028,0.7751568555831909,6540800,0.8999153426749437,0.6049770639282297,0.8122737729090935,0.7976019184652278,0.8269456273529593,0.4,0.3465492050685315,6540800.0,6540800.0,
logreg_fedavg,23,,80,False,67,0.3557379874918196,0.37345603356758755,0.8483991159333123,0.7498117685317993,6540800,0.8945841364309034,0.6077402764400548,0.8075594847210549,0.7971223021582734,0.8179966672838364,0.6,0.3032925607026326,6540800.0,6540800.0,
logreg_cvar_0.5,23,,80,False,67,0.3583046628369225,0.37177328848176533,0.8488987816704644,0.7460476756095886,6540800,0.8953019328658532,0.609125099089662,0.8075453653000577,0.7980815347721822,0.8170091958279331,0.6,0.28586701807929427,6540800.0,6540800.0,
logreg_cvar_0.75,23,,80,False,67,0.36405763195620644,0.37438108772039413,0.8489215241538154,0.7465495467185974,6540800,0.8948034462635408,0.606386604797844,0.8071583244420941,0.7971223021582734,0.817194346725915,0.6,0.25586634961462545,6540800.0,6540800.0,
logreg_cvar_0.9,23,,80,False,67,0.36405763195620644,0.37438108772039413,0.8489215241538154,0.7465495467185974,6540800,0.8948034462635408,0.606386604797844,0.8071583244420941,0.7971223021582734,0.817194346725915,0.6,0.25586634961462545,6540800.0,6540800.0,
logreg_cvar_0.95,23,,80,False,67,0.36405763195620644,0.37438108772039413,0.8489215241538154,0.7465495467185974,6540800,0.8948034462635408,0.606386604797844,0.8071583244420941,0.7971223021582734,0.817194346725915,0.6,0.25586634961462545,6540800.0,6540800.0,
logreg_fedprox_mu_0p0,23,0.0,80,False,67,0.35516225298245746,0.37349080046017963,0.848924093776279,0.7505646347999573,6540800,0.8946035247343692,0.6074579195853436,0.807891868323523,0.7976019184652278,0.8181818181818182,0.6,0.2957078296442174,6540800.0,6540800.0,
logreg_fedprox_mu_0p001,23,0.001,80,False,67,0.3548557485143344,0.3724973764684465,0.8489831686019897,0.7500627636909485,6540800,0.8946183693667173,0.6078930769544506,0.8077137771360398,0.7971223021582734,0.8183052521138061,0.6,0.2952206326307045,6540800.0,6540800.0,
logreg_fedprox_mu_0p01,23,0.01,80,False,67,0.3531272096766366,0.3684329407082664,0.8492004738913642,0.7508155703544617,6540800,0.8948036238663207,0.6089239889198244,0.8078442707785263,0.7966426858513189,0.8190458557057335,0.6,0.2987597132563994,6540800.0,6540800.0,
logreg_fedprox_mu_0p1,23,0.1,80,False,67,0.3457236745291286,0.3484477607740296,0.8533259497748481,0.7565872073173523,6540800,0.8979878493058174,0.6183892627291606,0.8101630970727953,0.7942446043165468,0.826081589829044,0.6,0.2865021511962813,6540800.0,6540800.0,
logreg_fedavg,29,,80,False,69,0.3673242661688063,0.38449782133102417,0.8452982372707791,0.7573400139808655,6540800,0.8956968918477513,0.6068546216701631,0.8088176228134323,0.7976019184652278,0.8200333271616367,0.5,0.29144759216391436,6540800.0,6540800.0,
logreg_cvar_0.5,29,,80,False,69,0.3673981742726432,0.38725222812758553,0.8455056614345975,0.7565872073173523,6540800,0.8953180947188185,0.6034473328531722,0.8086254122049519,0.7980815347721822,0.8191692896377214,0.5,0.30460845491536026,6540800.0,6540800.0,
logreg_cvar_0.75,29,,80,False,69,0.36730173312955433,0.3874877409802543,0.8439617819256253,0.7553324699401855,6540800,0.8950090806821309,0.6051545537490232,0.8074289910785684,0.7976019184652278,0.817256063691909,0.5,0.28833333333333333,6540800.0,6540800.0,
logreg_cvar_0.9,29,,80,False,69,0.36730173312955433,0.3874877409802543,0.8439617819256253,0.7553324699401855,6540800,0.8950090806821309,0.6051545537490232,0.8074289910785684,0.7976019184652278,0.817256063691909,0.5,0.28833333333333333,6540800.0,6540800.0,
logreg_cvar_0.95,29,,80,False,69,0.36730173312955433,0.3874877409802543,0.8439617819256253,0.7553324699401855,6540800,0.8950090806821309,0.6051545537490232,0.8074289910785684,0.7976019184652278,0.817256063691909,0.5,0.28833333333333333,6540800.0,6540800.0,
logreg_fedprox_mu_0p0,29,0.0,80,False,69,0.36686915573146606,0.3840944949123595,0.8446911308500502,0.7580928206443787,6540800,0.895743246173289,0.6069545190877766,0.8086941888814443,0.7976019184652278,0.8197864592976609,0.5,0.2951893819449392,6540800.0,6540800.0,
logreg_fedprox_mu_0p001,29,0.001,80,False,69,0.36665128502580857,0.38411538302898407,0.8449113965034485,0.7585947513580322,6540800,0.8957932561560454,0.60707053746649,0.8090882894499065,0.7980815347721822,0.8200950441276307,0.5,0.29520948721438717,6540800.0,6540800.0,
logreg_fedprox_mu_0p01,29,0.01,80,False,69,0.3641675611337026,0.38279545141590965,0.8461290730370415,0.7588456869125366,6540800,0.8961900651669,0.6075528126060413,0.809705459109846,0.7980815347721822,0.8213293834475097,0.5,0.307314373792702,6540800.0,6540800.0,
logreg_fedprox_mu_0p1,29,0.1,80,False,69,0.34221618208620286,0.3682744221554862,0.8488927549786038,0.7628607153892517,6540800,0.8992382172765767,0.6141599266653367,0.8114264744471781,0.7985611510791367,0.8242917978152194,0.5,0.3134111815296655,6540800.0,6540800.0,
logreg_fedavg,31,,78,True,71,0.36597295933299595,0.41422281828191543,0.8461567163467407,0.7528231143951416,6377280,0.8935096396128793,0.5918492592721142,0.8090273716964218,0.8043165467625899,0.8137381966302537,0.4,0.2770668674168232,6377280.0,6377280.0,
logreg_cvar_0.5,31,,80,False,71,0.36535293194982743,0.3986673711074723,0.8464859988954332,0.7628607153892517,6540800,0.8944669777971365,0.5935968244731928,0.814008685663948,0.8139088729016787,0.8141084984262174,0.4,0.27013525792450477,6540800.0,6540800.0,
logreg_cvar_0.75,31,,80,False,71,0.36506666160292095,0.39836418711476856,0.8457285298241509,0.7646173238754272,6540800,0.8936897436318674,0.5918529985930105,0.8123917455556013,0.8105515587529976,0.8142319323582052,0.4,0.26910166733050056,6540800.0,6540800.0,
logreg_cvar_0.9,31,,80,False,71,0.36506666160292095,0.39836418711476856,0.8457285298241509,0.7646173238754272,6540800,0.8936897436318674,0.5918529985930105,0.8123917455556013,0.8105515587529976,0.8142319323582052,0.4,0.26910166733050056,6540800.0,6540800.0,
logreg_cvar_0.95,31,,80,False,71,0.36506666160292095,0.39836418711476856,0.8457285298241509,0.7646173238754272,6540800,0.8936897436318674,0.5918529985930105,0.8123917455556013,0.8105515587529976,0.8142319323582052,0.4,0.26910166733050056,6540800.0,6540800.0,
logreg_fedprox_mu_0p0,31,0.0,80,False,71,0.36577323575814563,0.3978816924823655,0.844324509302775,0.7593475580215454,6540800,0.8967367709239384,0.5971107163653678,0.8151794875893397,0.8182254196642685,0.8121335555144109,0.4,0.2674278195652241,6540800.0,6540800.0,
logreg_fedprox_mu_0p001,31,0.001,80,False,71,0.36577252712514663,0.3976780225833257,0.8448239829805162,0.7595984935760498,6540800,0.8967214674844092,0.5971339379400229,0.8149158806633641,0.8172661870503597,0.8125655742763686,0.4,0.2640289024492018,6540800.0,6540800.0,
logreg_fedprox_mu_0p01,31,0.01,80,False,71,0.36240368750360274,0.39464066839880413,0.8459554513295492,0.7595984935760498,6540800,0.897349544915077,0.5984741081028646,0.8157657987662823,0.8182254196642685,0.813306177868296,0.4,0.28207852404743594,6540800.0,6540800.0,
logreg_fedprox_mu_0p1,31,0.1,80,False,71,0.3457143008708954,0.3740096423361037,0.8484581642680697,0.7583438158035278,6540800,0.9010538652950996,0.6078074225392089,0.8173131629856271,0.8158273381294964,0.8187989878417578,0.4,0.30997565583903997,6540800.0,6540800.0,
logreg_fedavg,37,,69,True,54,0.3658711595667733,0.39845065275828045,0.8412615259488424,0.748306155204773,5641440,0.892905212952393,0.5981603698631661,0.8018524857951077,0.7928057553956834,0.8108992161945319,0.5,0.30202693410073267,5641440.0,5641440.0,
logreg_cvar_0.5,37,,69,True,54,0.37367856088611817,0.4285331749253803,0.8344420260853238,0.7345044016838074,5641440,0.8905270229289629,0.5862131896120647,0.8005334299492456,0.7985611510791367,0.8025057088193545,0.5,0.3086792705733202,5641440.0,5641440.0,
logreg_cvar_0.75,37,,55,True,40,0.37663258694940144,0.42415086179971695,0.823767728275723,0.6902868747711182,4496800,0.8746453383488358,0.563776792979306,0.7882810137744276,0.7860911270983213,0.7904709004505338,0.5,0.2851755359548918,4496800.0,4496800.0,
logreg_cvar_0.9,37,,55,True,54,0.3759605669313007,0.4221079680654738,0.8234826326370239,0.6982371211051941,4496800,0.8750527147250908,0.564831773611623,0.7879010326269626,0.7846522781774581,0.7911497870764673,0.5,0.28742708988361,4496800.0,4496800.0,
logreg_cvar_0.95,37,,55,True,54,0.3759605669313007,0.4221079680654738,0.8234826326370239,0.6982371211051941,4496800,0.8750527147250908,0.564831773611623,0.7879010326269626,0.7846522781774581,0.7911497870764673,0.5,0.28742708988361,4496800.0,4496800.0,
logreg_fedprox_mu_0p0,37,0.0,69,True,54,0.36519555499156314,0.3989104976256688,0.8418474594751993,0.7493098974227905,5641440,0.8932860229128305,0.5982915113079109,0.8014963034201411,0.7918465227817746,0.8111460840585076,0.5,0.3189153242304983,5641440.0,5641440.0,
logreg_fedprox_mu_0p001,37,0.001,69,True,54,0.3655453580949042,0.3988186948829227,0.8418014115757413,0.7493098974227905,5641440,0.8930927318874394,0.598409067831588,0.8020376366930895,0.7928057553956834,0.8112695179904956,0.5,0.3222775110861124,5641440.0,5641440.0,
logreg_fedprox_mu_0p01,37,0.01,69,True,54,0.3627842449479633,0.39581165048811173,0.8425490789943271,0.7500627636909485,5641440,0.8934331520156954,0.5992430723809075,0.8022845045570652,0.7928057553956834,0.8117632537184472,0.5,0.32161354196851155,5641440.0,5641440.0,
logreg_fedprox_mu_0p1,37,0.1,69,True,54,0.34872786866294014,0.373147232664956,0.8480059305826823,0.7533249855041504,5641440,0.8966468595166452,0.6074255477076871,0.806994352675608,0.7956834532374101,0.8183052521138061,0.5,0.3496355953738119,5641440.0,5641440.0,
logreg_fedavg,41,,76,True,61,0.37249818858173156,0.37541660997602677,0.8488383094469706,0.7693852186203003,6213760,0.8942570809118305,0.6164041631999763,0.8057477143632252,0.7923261390887291,0.8191692896377214,0.4,0.1997163168785543,6213760.0,6213760.0,
logreg_cvar_0.5,41,,68,True,53,0.3751286715269089,0.3833136036992073,0.8465493387646146,0.7708908319473267,5559680,0.8909828996643455,0.587543152021156,0.8026707462025195,0.7875299760191846,0.8178115163858545,0.5,0.36287941398336043,5559680.0,5559680.0,
logreg_cvar_0.75,41,,68,True,53,0.3724249493744638,0.39285450759861207,0.8449812465243869,0.7658720016479492,5559680,0.8900947673632988,0.5825578074470383,0.7999904982512787,0.7851318944844125,0.8148491020181448,0.4,0.36083905716715836,5559680.0,5559680.0,
logreg_cvar_0.9,41,,68,True,53,0.3724249493744638,0.39285450759861207,0.8449812465243869,0.7658720016479492,5559680,0.8900947673632988,0.5825578074470383,0.7999904982512787,0.7851318944844125,0.8148491020181448,0.4,0.36083905716715836,5559680.0,5559680.0,
logreg_cvar_0.95,41,,68,True,53,0.3724249493744638,0.39285450759861207,0.8449812465243869,0.7658720016479492,5559680,0.8900947673632988,0.5825578074470383,0.7999904982512787,0.7851318944844125,0.8148491020181448,0.4,0.36083905716715836,5559680.0,5559680.0,
logreg_fedprox_mu_0p0,41,0.0,76,True,61,0.3715898518760999,0.3742237662275632,0.8488397532039218,0.7696361541748047,6213760,0.8941824877442981,0.616446139972775,0.8049736326472983,0.7904076738609113,0.8195395914336852,0.4,0.1981730774859578,6213760.0,6213760.0,
logreg_fedprox_mu_0p001,41,0.001,76,True,61,0.3721173389090432,0.3742979226840867,0.8481527103318108,0.7693852186203003,6213760,0.8942581021278145,0.6164750069910881,0.8048122805218147,0.7908872901678657,0.8187372708757638,0.3,0.22096213919943813,6213760.0,6213760.0,
logreg_fedprox_mu_0p01,41,0.01,76,True,61,0.3693135231733322,0.3718690185083283,0.8490413824717203,0.7698870897293091,6213760,0.894700925058879,0.6175423344612728,0.8046791672383256,0.7894484412470024,0.8199098932296488,0.4,0.22622428480403203,6213760.0,6213760.0,
logreg_fedprox_mu_0p1,41,0.1,80,False,77,0.3390151874886619,0.35248566418886185,0.8562433189815946,0.771141767501831,6540800,0.8959707701344942,0.6043060447692395,0.80891383911941,0.7889688249400479,0.8288588532987718,0.4,0.2908797635113425,6540800.0,6540800.0,
logreg_fedavg,43,,80,False,78,0.3700653231806225,0.37257659766409135,0.850033700466156,0.7598494291305542,6540800,0.8960162216459013,0.6037885025063294,0.8091596857674017,0.7995203836930456,0.8187989878417578,0.5,0.3274750956146087,6540800.0,6540800.0,
logreg_cvar_0.5,43,,78,True,63,0.3682316243648529,0.37260781559679246,0.8474864297442966,0.7488945126533508,6377280,0.8947775310579162,0.6177818588111244,0.8058120509702218,0.7942446043165468,0.8173794976238968,0.5,0.216828438612899,6377280.0,6377280.0,
logreg_cvar_0.75,43,,78,True,63,0.36968545781241524,0.3713301494717598,0.8490649925337898,0.7533164620399475,6377280,0.8960816830705034,0.6194254833832231,0.8101947547683016,0.8004796163069544,0.8199098932296488,0.5,0.22431166275993858,6377280.0,6377280.0,
logreg_cvar_0.9,43,,78,True,63,0.36968545781241524,0.3713301494717598,0.8490649925337898,0.7533164620399475,6377280,0.8960816830705034,0.6194254833832231,0.8101947547683016,0.8004796163069544,0.8199098932296488,0.5,0.22431166275993858,6377280.0,6377280.0,
logreg_cvar_0.95,43,,78,True,63,0.36968545781241524,0.3713301494717598,0.8490649925337898,0.7533164620399475,6377280,0.8960816830705034,0.6194254833832231,0.8101947547683016,0.8004796163069544,0.8199098932296488,0.5,0.22431166275993858,6377280.0,6377280.0,
logreg_fedprox_mu_0p0,43,0.0,78,True,78,0.3707583099603653,0.3707583099603653,0.8492849204275343,0.7533164620399475,6377280,0.8956965070417282,0.6189462813755965,0.8101330378023077,0.8004796163069544,0.8197864592976609,0.4,0.21758743137750428,6377280.0,6377280.0,
logreg_fedprox_mu_0p001,43,0.001,78,True,78,0.3704272202319569,0.3704272202319569,0.8494327863057455,0.7539482116699219,6377280,0.8956805819924694,0.6187790575918618,0.8104654214047758,0.8009592326139089,0.8199716101956428,0.4,0.21842949868485295,6377280.0,6377280.0,
logreg_fedprox_mu_0p01,43,0.01,78,True,63,0.3673408495055305,0.3683080772558848,0.8492904901504517,0.7539482116699219,6377280,0.8960678004532128,0.6198847722244812,0.8102943899277912,0.8,0.8205887798555823,0.5,0.21935072222531138,6377280.0,6377280.0,
logreg_fedprox_mu_0p1,43,0.1,78,True,63,0.3444153683053123,0.35562097364001805,0.8522502581278483,0.7552116513252258,6377280,0.8995718588987355,0.6271491750415366,0.8118205750156402,0.7990407673860911,0.8246003826451892,0.5,0.20585397468629604,6377280.0,6377280.0,
logreg_fedavg,47,,80,False,75,0.35530996405416065,0.3901967538727654,0.8462594416406419,0.7678795456886292,6540800,0.8931503639894971,0.5839672631268074,0.8064098619271589,0.7913669064748201,0.8214528173794976,0.4,0.25586868259049084,6540800.0,6540800.0,
logreg_cvar_0.5,47,,75,True,60,0.3597472392850452,0.3609968092706468,0.8510030441813998,0.7799246907234192,6132000,0.8950073194545642,0.603933587444026,0.8084695213649484,0.7856115107913669,0.8313275319385299,0.5,0.21501696188228697,6132000.0,6132000.0,
logreg_cvar_0.75,47,,80,False,75,0.3587263102332751,0.3886447308792008,0.846928596496582,0.7708908319473267,6540800,0.8915132215649441,0.5779627021713993,0.8040734973583806,0.7865707434052758,0.8215762513114855,0.4,0.26187051983104614,6540800.0,6540800.0,
logreg_cvar_0.9,47,,80,False,75,0.3593866295284695,0.3902808502316475,0.8464674154917399,0.7706398963928223,6540800,0.891465416816704,0.5781130485580682,0.8049330948128,0.7889688249400479,0.8208973646855521,0.4,0.2614335623059879,6540800.0,6540800.0,
logreg_cvar_0.95,47,,80,False,75,0.3593866295284695,0.3902808502316475,0.8464674154917399,0.7706398963928223,6540800,0.891465416816704,0.5781130485580682,0.8049330948128,0.7889688249400479,0.8208973646855521,0.4,0.2614335623059879,6540800.0,6540800.0,
logreg_fedprox_mu_0p0,47,0.0,80,False,75,0.35578178697162205,0.39073890530400807,0.8459578686290317,0.7678795456886292,6540800,0.8930159186851594,0.583752555510658,0.8058138713987151,0.7899280575539568,0.8216996852434735,0.4,0.2470778179601709,6540800.0,6540800.0,
logreg_fedprox_mu_0p001,47,0.001,80,False,75,0.3556331329875522,0.39081503616438973,0.8458065059449937,0.7673776745796204,6540800,0.8930814245104565,0.583796256385713,0.8056904374667272,0.7899280575539568,0.8214528173794976,0.4,0.2513105272172811,6540800.0,6540800.0,
logreg_fedprox_mu_0p01,47,0.01,80,False,75,0.3538959307803048,0.3874254831009441,0.8466792305310568,0.7686323523521423,6540800,0.8936289738806992,0.5851825348497722,0.8068489403996151,0.7908872901678657,0.8228105906313645,0.4,0.2640290027138632,6540800.0,6540800.0,
logreg_fedprox_mu_0p1,47,0.1,75,True,60,0.3382523175742891,0.3421860502825843,0.8570572071605258,0.7844416499137878,6132000,0.9002702818304513,0.6143753673626526,0.811555369664646,0.7856115107913669,0.837499228537925,0.4,0.2660280225335837,6132000.0,6132000.0,
dirichlet_beta_0p1_fedavg,7,,18,True,3,0.3912513678272565,1.7008498224114494,0.7232590097313126,0.004999999888241291,2943360,0.8653625458828373,0.3920705660158903,0.5057232049947971,0.011446409989594173,1.0,0.0,0.0,2943360.0,2943360.0,0.1
dirichlet_beta_0p1_fedprox,7,,18,True,3,0.38948709319035213,1.1855517051939386,0.732808326681455,0.03500000014901161,2943360,0.8791843268965314,0.4205576508807526,0.5283334504056966,0.05723204994797086,0.9994348508634223,0.0,0.0,2943360.0,2943360.0,0.1
dirichlet_beta_0p1_cvar_0.9,7,,18,True,3,0.3889738137523333,1.6920616742723118,0.7239772791042924,0.004999999888241291,2943360,0.8668122066724712,0.39676445580668207,0.5072840790842872,0.014568158168574402,1.0,0.0,0.0,2943360.0,2943360.0,0.1
dirichlet_beta_0p1_fedavg,11,,16,True,1,0.5310103753033806,1.9497161071528406,0.4706952931249843,0.0,2616320,0.8197790921901145,0.6530945796430697,0.5745605908182392,0.1507163323782235,0.9984048492582549,0.0,0.0,2616320.0,2616320.0,0.1
dirichlet_beta_0p1_fedprox,11,,16,True,1,0.5402886341599857,1.8940885108621681,0.47783776153536406,0.0,2616320,0.8168045702668472,0.6487537572081045,0.5744010757440647,0.1507163323782235,0.9980858191099059,0.0,0.0,2616320.0,2616320.0,0.1
dirichlet_beta_0p1_cvar_0.9,11,,16,True,1,0.541098861133351,1.9339920844444458,0.4714522668543984,0.0,2616320,0.820439639998702,0.6541441563236052,0.5745133304782115,0.1501432664756447,0.9988833944807785,0.0,0.0,2616320.0,2616320.0,0.1
dirichlet_beta_0p1_fedavg,19,,16,True,1,0.45513088894741877,2.2386689426161217,0.6575402628098216,0.1818181872367859,2616320,0.8386755110086407,0.5578898052444768,0.6037253916488553,0.21806702282661486,0.9893837604710957,0.0,0.0,2616320.0,2616320.0,0.1
dirichlet_beta_0p1_fedprox,19,,16,True,1,0.4482239069683211,1.8269319637412471,0.6769374875085694,0.24277456104755402,2616320,0.8498779252492703,0.5662628152145613,0.6330188605902762,0.2841185041282176,0.9819192170523348,0.0,0.0,2616320.0,2616320.0,0.1
dirichlet_beta_0p1_cvar_0.9,19,,16,True,1,0.4475412592291832,2.363614806290051,0.6482740225536483,0.16763006150722504,2616320,0.8331230242232509,0.5463263140251026,0.5903103813628022,0.1894123360854784,0.9912084266401261,0.0,0.0,2616320.0,2616320.0,0.1
dirichlet_beta_0p1_fedavg,23,,18,True,3,0.4111471020040058,1.0705600923503793,0.6559844662745794,0.0,2943360,0.8729534268286477,0.42245272183401433,0.571860956099162,0.14600840336134455,0.9977135088369794,0.0,0.0,2943360.0,2943360.0,0.1
dirichlet_beta_0p1_fedprox,23,,18,True,3,0.41688033459442003,0.9338278076167972,0.6904835303624471,0.0,2943360,0.8885282978597444,0.44730877920739753,0.607389655899438,0.22058823529411764,0.9941910765047584,0.0,0.0,2943360.0,2943360.0,0.1
dirichlet_beta_0p1_cvar_0.9,23,,18,True,3,0.41458586496966227,1.0473807115617784,0.646978171808379,0.0,2943360,0.8734552682771293,0.4204280270174173,0.5774528758481516,0.15756302521008403,0.9973427264862192,0.0,0.0,2943360.0,2943360.0,0.1
dirichlet_beta_0p1_fedavg,29,,16,True,1,0.46182812470942736,1.0666659018024802,0.6592849958688021,0.25,2616320,0.8450921561171156,0.6709220321142697,0.671140402605508,0.36547733847637415,0.9768034667346418,0.0,0.0,2616320.0,2616320.0,0.1
dirichlet_beta_0p1_fedprox,29,,16,True,1,0.4585871994495392,1.063009568490088,0.654097406193614,0.25,2616320,0.8462495000800119,0.6725725105987014,0.6716363896030408,0.3659594985535198,0.9773132806525618,0.0,0.0,2616320.0,2616320.0,0.1
dirichlet_beta_0p1_cvar_0.9,29,,16,True,1,0.4591961922124028,1.0665461441967636,0.6539570782333612,0.25,2616320,0.8449404594372235,0.6708017055221097,0.671076675865768,0.36547733847637415,0.9766760132551618,0.0,0.0,2616320.0,2616320.0,0.1
dirichlet_beta_0p1_fedavg,31,,18,True,3,0.4136027056309912,1.1030866415757272,0.6742182614074813,0.0,2943360,0.8559101130227706,0.5336018285069843,0.6250598255218967,0.2605421686746988,0.9895774823690944,0.0,0.0,2943360.0,2943360.0,0.1
dirichlet_beta_0p1_fedprox,31,,18,True,3,0.41253508710198933,1.1033793558470077,0.675555037955443,0.0,2943360,0.8561210140443194,0.5421839026402865,0.6232362984986191,0.25552208835341367,0.9909505086438245,0.0,0.0,2943360.0,2943360.0,0.1
dirichlet_beta_0p1_cvar_0.9,31,,18,True,3,0.41221362931860817,1.0986063300062798,0.6748981003959974,0.0,2943360,0.8567548293404535,0.5346083621465391,0.6254668552509983,0.26104417670682734,0.9898895337951694,0.0,0.0,2943360.0,2943360.0,0.1
dirichlet_beta_0p1_fedavg,37,,17,True,2,0.39032634666987825,1.64739307382011,0.49967045549835476,0.0,2779840,0.8210134022355984,0.5785080467143761,0.5380479279245629,0.07644744238336144,0.9996484134657643,0.0,0.0,2779840.0,2779840.0,0.1
dirichlet_beta_0p1_fedprox,37,,17,True,2,0.3808567300438881,1.6034021322349352,0.4995505708668913,0.0,2779840,0.8273826472479829,0.5870979474540979,0.5445122337143324,0.0893760539629005,0.9996484134657643,0.0,0.0,2779840.0,2779840.0,0.1
dirichlet_beta_0p1_cvar_0.9,37,,17,True,2,0.3812092659728868,1.6315039762827968,0.49995263080511776,0.0,2779840,0.8213284763402667,0.5796407428450121,0.5388910982449676,0.07813378302417089,0.9996484134657643,0.0,0.0,2779840.0,2779840.0,0.1
dirichlet_beta_0p1_fedavg,41,,17,True,2,0.5194856630904334,1.9265898833234263,0.6858646113957677,0.0,2779840,0.7276059619081747,0.3151491866306873,0.5002961259754738,0.0009157509157509158,0.9996765010351967,0.0,0.0,2779840.0,2779840.0,0.1
dirichlet_beta_0p1_fedprox,41,,17,True,2,0.5212929930005755,1.722789503525876,0.6893573152566594,0.0,2779840,0.8329326034343503,0.47534723323720834,0.5068681318681318,0.013736263736263736,1.0,0.0,0.0,2779840.0,2779840.0,0.1
dirichlet_beta_0p1_cvar_0.9,41,,17,True,2,0.5188558612551007,1.9257675652292423,0.6865139614258494,0.0,2779840,0.7222507505649974,0.3080069914274457,0.5007540014333492,0.0018315018315018315,0.9996765010351967,0.0,0.0,2779840.0,2779840.0,0.1
dirichlet_beta_0p1_fedavg,43,,22,True,7,0.4285147280285233,0.5430294554680586,0.7747691069778643,0.0,3597440,0.8944440262286367,0.5614868777219257,0.7249703879973922,0.4869072894550602,0.9630334865397242,0.0,0.0,3597440.0,3597440.0,0.1
dirichlet_beta_0p1_fedprox,43,,22,True,7,0.42601162744195836,0.5388242999140761,0.7779319662796823,0.0,3597440,0.8959748122559537,0.5619245754849407,0.7255723399499721,0.48903043170559096,0.9621142481943532,0.0,0.0,3597440.0,3597440.0,0.1
dirichlet_beta_0p1_cvar_0.9,43,,22,True,7,0.43111316075450495,0.5397138660773635,0.7778179394571405,0.0,3597440,0.8953115219849078,0.5626865897235522,0.7259662992408454,0.48903043170559096,0.9629021667760999,0.0,0.0,3597440.0,3597440.0,0.1
dirichlet_beta_0p1_fedavg,47,,29,True,14,0.3282855022698641,0.39999161867767963,0.8158931340041914,0.4000000059604645,4742080,0.8836504556690336,0.5099932195178282,0.7524296105985295,0.5854922279792746,0.9193669932177845,0.0,0.0,4742080.0,4742080.0,0.1
dirichlet_beta_0p1_fedprox,47,,29,True,14,0.3263026869022532,0.38731273796139776,0.8171481066628506,0.4000000059604645,4742080,0.8851208648391315,0.5123036922887584,0.7555698505726033,0.5924006908462867,0.9187390102989199,0.0,0.0,4742080.0,4742080.0,0.1
dirichlet_beta_0p1_cvar_0.9,47,,29,True,14,0.3285568015355813,0.39502656695089844,0.814759296806235,0.4000000059604645,4742080,0.8845541798499694,0.5111719675849595,0.7549941453336857,0.5912492803684514,0.9187390102989199,0.0,0.0,4742080.0,4742080.0,0.1
dirichlet_beta_0p5_fedavg,7,,29,True,14,0.3811286230882009,0.4598711058497429,0.8193149775266647,0.46666666865348816,4742080,0.8877617624471058,0.5974900180243354,0.752939437008068,0.5707434052757794,0.9351354687403567,0.0,0.0,4742080.0,4742080.0,0.5
dirichlet_beta_0p5_fedprox,7,,29,True,14,0.3779899095495542,0.4575040618578593,0.818074855208397,0.4000000059604645,4742080,0.8881860702883722,0.5980300885772731,0.7532409621275393,0.5712230215827339,0.9352589026723447,0.0,0.0,4742080.0,4742080.0,0.5
dirichlet_beta_0p5_fedavg,11,,28,True,13,0.3683552930752436,0.5572125644733509,0.7935852398475011,0.27906978130340576,4578560,0.837320441739554,0.5233453242577147,0.6380121009654043,0.28633093525179854,0.98969326667901,0.0,0.00303951367781155,4578560.0,4578560.0,0.5
dirichlet_beta_0p5_fedprox,11,,28,True,13,0.36779049783945084,0.5550479809443156,0.7946640203396479,0.27906978130340576,4578560,0.8382013663277857,0.529604784373916,0.6394509498862676,0.2892086330935252,0.98969326667901,0.0,0.0030959752321981426,4578560.0,4578560.0,0.5
dirichlet_beta_0p5_fedavg,19,,46,True,31,0.35941643416881563,0.3914171129465103,0.8417641758918762,0.6000000238418579,7521920,0.8998570001617666,0.6026283842276395,0.7959394676445476,0.6997601918465228,0.8921187434425724,0.0,0.0,7521920.0,7521920.0,0.5
dirichlet_beta_0p5_fedprox,19,,46,True,31,0.3584886779387792,0.38879317343235015,0.8428183396657308,0.6000000238418579,7521920,0.9001754715464807,0.6041028002949893,0.7963573669855081,0.7007194244604317,0.8919953095105845,0.0,0.0,7521920.0,7521920.0,0.5
dirichlet_beta_0p5_fedavg,23,,43,True,28,0.306500859806935,0.4238958676656087,0.8324377179145813,0.75,7031360,0.8953634426286039,0.5970620505746689,0.8084723630094258,0.7707434052757793,0.8462013207430723,0.5714285714285714,0.10887724243222555,7031360.0,7031360.0,0.5
dirichlet_beta_0p5_fedprox,23,,43,True,28,0.30478804260492326,0.4192563722531001,0.8333034733931224,0.75,7031360,0.8960227929487552,0.6075698366902335,0.8086716333284049,0.7697841726618705,0.8475590939949392,0.5714285714285714,0.10970015826504172,7031360.0,7031360.0,0.5
dirichlet_beta_0p5_fedavg,29,,27,True,12,0.3397666255633036,0.3478695020079613,0.8566644191741943,0.653333306312561,4415040,0.8966570568762542,0.602913536485355,0.7940175835632179,0.6877697841726619,0.900265382953774,0.0,0.0,4415040.0,4415040.0,0.5
dirichlet_beta_0p5_fedprox,29,,27,True,12,0.3381817564368248,0.34595786134401957,0.8582930703957875,0.6666666865348816,4415040,0.8974151247415324,0.6052306803005197,0.7955110897395765,0.6911270983213429,0.8998950811578103,0.0,0.0,4415040.0,4415040.0,0.5
dirichlet_beta_0p5_fedavg,31,,42,True,27,0.34716946451828395,0.40559394631920187,0.835776896312319,0.2777777910232544,6867840,0.8850204566626911,0.5946039501156933,0.742510664965127,0.5390887290167866,0.9459326009134674,0.0,0.0,6867840.0,6867840.0,0.5
dirichlet_beta_0p5_fedprox,31,,42,True,27,0.3470718400745556,0.40642120278087157,0.8362299984899061,0.2777777910232544,6867840,0.885182825224822,0.594281691168664,0.7415822927388246,0.5371702637889688,0.9459943216886804,0.0,0.0,6867840.0,6867840.0,0.5
dirichlet_beta_0p5_fedavg,37,,34,True,19,0.3616801829173647,0.3897758598985343,0.8302682206548494,0.7323943376541138,5559680,0.9035373848803935,0.615368760965541,0.8122577163549989,0.7606714628297362,0.8638439698802617,0.0,0.0,5559680.0,5559680.0,0.5
dirichlet_beta_0p5_fedprox,37,,34,True,19,0.36192238587757636,0.38967594607123013,0.8322942318587467,0.7464788556098938,5559680,0.9037283048514898,0.6154453733117328,0.8130080012030371,0.7621103117505995,0.8639056906554746,0.0,0.0,5559680.0,5559680.0,0.5
dirichlet_beta_0p5_fedavg,41,,35,True,20,0.34065265556176505,0.4078961193561554,0.8397399544715881,0.4976744055747986,5723200,0.8811134391875501,0.5763099528413033,0.6888177293751002,0.4028776978417266,0.9747577609084738,0.0,0.0,5723200.0,5723200.0,0.5
dirichlet_beta_0p5_fedprox,41,,35,True,20,0.3388186678290367,0.4076438633104165,0.8388483275969824,0.4838709533214569,5723200,0.8818586456515217,0.584034537343035,0.688639638187617,0.4023980815347722,0.9748811948404617,0.0,0.0,5723200.0,5723200.0,0.5
dirichlet_beta_0p5_fedavg,43,,50,True,35,0.3225785126288732,0.3893781200051308,0.8380633970101674,0.6666666865348816,8176000,0.8995249865650897,0.6172960410592828,0.8017220809540111,0.7199040767386091,0.8835400851694131,0.0,0.0,8176000.0,8176000.0,0.5
dirichlet_beta_0p5_fedprox,43,,50,True,35,0.323122201859951,0.3879607513546944,0.8356240610281627,0.6666666865348816,8176000,0.8997919531436506,0.6177333370475373,0.8016841627605156,0.7203836930455636,0.8829846324754675,0.0,0.0,8176000.0,8176000.0,0.5
dirichlet_beta_0p5_fedavg,47,,52,True,37,0.31074951638778053,0.333753918359677,0.8669905881086986,0.5799999833106995,8503040,0.8926654343993793,0.5882887911614559,0.7599608297069065,0.5884892086330935,0.9314324507807196,0.0,0.0,8503040.0,8503040.0,0.5
dirichlet_beta_0p5_fedprox,47,,52,True,37,0.3089714440206687,0.33267782007654506,0.8669957021872202,0.5799999833106995,8503040,0.8933789239669179,0.5893902652332024,0.7610055780593077,0.5908872901678657,0.9311238659507498,0.0,0.0,8503040.0,8503040.0,0.5
dirichlet_beta_1p0_fedavg,7,,55,True,40,0.3058433383703232,0.3216980357964834,0.8703676223754883,0.6642335653305054,8993600,0.8927443344343226,0.6040118897469208,0.7753789266309596,0.6311750599520384,0.9195827933098809,0.3333333333333333,0.05182558235883808,8993600.0,8993600.0,1.0
dirichlet_beta_1p0_fedprox,7,,55,True,40,0.306073389450709,0.3211660012602806,0.8700868209203084,0.6642335653305054,8993600,0.892680293831959,0.6037190748075755,0.7771977566992878,0.6354916067146283,0.9189039066839474,0.3333333333333333,0.047586030355831185,8993600.0,8993600.0,1.0
dirichlet_beta_1p0_fedavg,11,,51,True,36,0.35061339288949966,0.422436777750651,0.8361489276091257,0.7206704020500183,8339520,0.8989884337669652,0.6050908375684966,0.8143927516753492,0.7731414868105515,0.8556440165401469,0.5,0.04583333333333334,8339520.0,8339520.0,1.0
dirichlet_beta_1p0_fedprox,11,,51,True,36,0.3491928080717723,0.41860264937082925,0.8365838507811229,0.7150837779045105,8339520,0.8990621685210616,0.6054452048327817,0.8141053459768752,0.7717026378896883,0.8565080540640622,0.5,0.04583333333333334,8339520.0,8339520.0,1.0
dirichlet_beta_1p0_fedavg,19,,66,True,51,0.28066232552131015,0.2995893528064092,0.8730409880479176,0.6344537734985352,10792320,0.9001733107126593,0.6153985605200097,0.780263225079999,0.6431654676258993,0.9173609825340986,0.0,0.006981840221926941,10792320.0,10792320.0,1.0
dirichlet_beta_1p0_fedprox,19,,66,True,51,0.28042424966891605,0.29856376101573306,0.8745349168777465,0.6344537734985352,10792320,0.9003114560749105,0.6158664119996833,0.7814693255578836,0.645083932853717,0.9178547182620502,0.0,0.006980017536572985,10792320.0,10792320.0,1.0
dirichlet_beta_1p0_fedavg,23,,48,True,33,0.33700259576241176,0.37468249201774595,0.8404225250085194,0.6833333373069763,7848960,0.8981389152703019,0.6032188817106484,0.8051267706442141,0.7443645083932854,0.8658890328951429,0.0,0.0,7848960.0,7848960.0,1.0
dirichlet_beta_1p0_fedprox,23,,48,True,33,0.33717715640862783,0.37317725519339245,0.8394717633724212,0.6833333373069763,7848960,0.8982617423927919,0.6036918367922866,0.8036332644678554,0.7410071942446043,0.8662593346911066,0.0,0.0,7848960.0,7848960.0,1.0
dirichlet_beta_1p0_fedavg,29,,49,True,34,0.35263107617696127,0.38696525593598685,0.8398745258649191,0.746835470199585,8012480,0.896507855740958,0.6027069057328481,0.8045412586797809,0.750599520383693,0.8584829969758687,0.5714285714285714,0.09090909090909091,8012480.0,8012480.0,1.0
dirichlet_beta_1p0_fedprox,29,,49,True,34,0.3517692779501279,0.386927397052447,0.8389797588189443,0.7405063509941101,8012480,0.8966060108772822,0.6027178126487837,0.8045650574522792,0.7510791366906475,0.858050978213911,0.5,0.1,8012480.0,8012480.0,1.0
dirichlet_beta_1p0_fedavg,31,,46,True,33,0.35398461669683456,0.4284140924612681,0.8301701823870341,0.699999988079071,7521920,0.8978730883095782,0.603654317210131,0.8107919885162043,0.7745803357314148,0.8470036413009936,0.5,0.17541202759563138,7521920.0,7521920.0,1.0
dirichlet_beta_1p0_fedprox,31,,48,True,33,0.35122722486654917,0.36418527116378147,0.8426348328590393,0.6000000238418579,7848960,0.8830033843689723,0.5980460827883021,0.7792454723501332,0.6661870503597123,0.8923038943405542,0.2857142857142857,0.037037037037037035,7848960.0,7848960.0,1.0
dirichlet_beta_1p0_fedavg,37,,61,True,46,0.3235768049955368,0.3724853292107582,0.8624197761217753,0.699999988079071,9974720,0.8885141174229659,0.5930361086719401,0.7728864492187031,0.6306954436450839,0.9150774547923224,0.3333333333333333,0.045454545454545456,9974720.0,9974720.0,1.0
dirichlet_beta_1p0_fedprox,37,,61,True,46,0.32279063761234283,0.37222467561562855,0.8618751962979635,0.7200000286102295,9974720,0.8883418279262907,0.5926546700199246,0.7709230060868912,0.6278177458033574,0.9140282663704252,0.3333333333333333,0.04473519884478788,9974720.0,9974720.0,1.0
dirichlet_beta_1p0_fedavg,41,,51,True,36,0.29621032252907753,0.3093330293893814,0.8757193605105082,0.5323383212089539,8339520,0.8750504206891846,0.5871128320278917,0.7003769174995127,0.4330935251798561,0.9676603098191693,0.0,0.04166666666666667,8339520.0,8339520.0,1.0
dirichlet_beta_1p0_fedprox,41,,51,True,36,0.29572948763767876,0.3085057459771633,0.8770339945952098,0.5323383212089539,8339520,0.8755283793701938,0.5882042768190432,0.7027203417787895,0.437410071942446,0.968030611615133,0.0,0.04230769230769231,8339520.0,8339520.0,1.0
dirichlet_beta_1p0_fedavg,43,,54,True,53,0.292533070842425,0.30259575694799423,0.8719189842542012,0.7681159377098083,8830080,0.8975615582335094,0.5999130283657179,0.7737188290471122,0.6244604316546762,0.9229772264395483,0.2,0.06302830502830503,8830080.0,8830080.0,1.0
dirichlet_beta_1p0_fedprox,43,,71,True,56,0.2876785924037298,0.36490959028402964,0.856515771150589,0.7914572954177856,11609920,0.8903332138954638,0.604679453143515,0.7913240154034891,0.6925659472422062,0.8900820835647719,0.0,0.06556181929743826,11609920.0,11609920.0,1.0
dirichlet_beta_1p0_fedavg,47,,56,True,41,0.32774440745512645,0.4057631740967433,0.8355848848819732,0.6136363744735718,9157120,0.8983429808643365,0.609886649880899,0.8095136925083152,0.7649880095923262,0.8540393754243042,0.5952380952380952,0.14693094024016265,9157120.0,9157120.0,1.0
dirichlet_beta_1p0_fedprox,47,,56,True,41,0.32561377386252083,0.4038892159859339,0.8364435414473216,0.6136363744735718,9157120,0.8985931047792761,0.6108460467397689,0.8106034187647105,0.7664268585131895,0.8547799790162316,0.5952380952380952,0.14908662136923004,9157120.0,9157120.0,1.0
dirichlet_beta_infinity_fedavg,7,,53,True,38,0.47959123154481254,0.4943702022234599,0.8114047010739645,0.7783251404762268,8666560,0.8978021359990326,0.5735334056211443,0.8158398147247801,0.8215827338129497,0.8100968956366105,0.7076923076923077,0.40635390015999256,8666560.0,8666560.0,infinity
dirichlet_beta_infinity_fedprox,7,,53,True,38,0.4721907784541448,0.48730486730734507,0.8117878456910451,0.7803278565406799,8666560,0.8982751958033647,0.5824962412646922,0.8156379247647985,0.8206235011990408,0.8106523483305561,0.7230769230769231,0.41033149968023436,8666560.0,8666560.0,infinity
dirichlet_beta_infinity_fedavg,11,,68,True,53,0.4656066298484802,0.49379990100860593,0.8126640538374583,0.7918033003807068,11119360,0.8950814390146834,0.5831027728848398,0.8184301068680326,0.8258992805755395,0.8109609331605259,0.726027397260274,0.49109936379312386,11119360.0,11119360.0,infinity
dirichlet_beta_infinity_fedprox,11,,68,True,53,0.45928114652633667,0.489316913485527,0.8138667682806651,0.7914614081382751,11119360,0.8950826378334474,0.584801304237172,0.8184821444825254,0.8244604316546763,0.8125038573103747,0.7123287671232876,0.4900202549453651,11119360.0,11119360.0,infinity
dirichlet_beta_infinity_fedavg,19,,59,True,44,0.4662781645854314,0.486102557182312,0.8168163339296977,0.7750410437583923,9647680,0.8962062418200971,0.5761995122809181,0.8159695091547573,0.8148681055155875,0.8170709127939271,0.7121212121212122,0.46136299234914163,9647680.0,9647680.0,infinity
dirichlet_beta_infinity_fedprox,19,,59,True,44,0.46297687192757925,0.48321681618690493,0.8167615095774333,0.7766830921173096,9647680,0.8964918714907726,0.5767278278061172,0.8142670533079184,0.811031175059952,0.8175029315558847,0.7121212121212122,0.46878573516953326,9647680.0,9647680.0,infinity
dirichlet_beta_infinity_fedavg,23,,48,True,33,0.4733162601788839,0.496803946296374,0.8083952029546102,0.7688524723052979,7848960,0.8973578182445713,0.5769376777890977,0.8162320948647488,0.826378896882494,0.8060852928470036,0.7631578947368421,0.46800382707567284,7848960.0,7848960.0,infinity
dirichlet_beta_infinity_fedprox,23,,48,True,33,0.4717983573675156,0.4955432633558909,0.8087776223818461,0.7737705111503601,7848960,0.8976535860739292,0.5764554770263627,0.8172839029276486,0.8282973621103118,0.8062704437449855,0.7631578947368421,0.4673940262496151,7848960.0,7848960.0,infinity
dirichlet_beta_infinity_fedavg,29,,62,True,47,0.4688472410043081,0.5031725704669953,0.8115114788214366,0.7816091775894165,10138240,0.8946731450240659,0.570147032547083,0.8102598905878076,0.8086330935251799,0.8118866876504351,0.7164179104477612,0.4456460877437597,10138240.0,10138240.0,infinity
dirichlet_beta_infinity_fedprox,29,,62,True,47,0.46235894163449603,0.4970420757929484,0.8122227569421132,0.779967188835144,10138240,0.8951412467507942,0.5768184824242262,0.8119147488896497,0.8115107913669065,0.8123187064123928,0.7241379310344828,0.4604809565552226,10138240.0,10138240.0,infinity
dirichlet_beta_infinity_fedavg,31,,65,True,50,0.46367004911104837,0.49697523613770805,0.8165432870388031,0.7750410437583923,10628800,0.893120067915303,0.5717123848218394,0.8091288272844046,0.7995203836930456,0.8187372708757638,0.7230769230769231,0.4623725825595145,10628800.0,10628800.0,infinity
dirichlet_beta_infinity_fedprox,31,,56,True,41,0.45731856922308606,0.4939625730117162,0.8155587832132976,0.7717570066452026,9157120,0.8899344364537994,0.5630313412879152,0.8069017772266172,0.7956834532374101,0.8181201012158242,0.6949152542372882,0.45247365752968155,9157120.0,9157120.0,infinity
dirichlet_beta_infinity_fedavg,37,,60,True,45,0.4667116125424703,0.48512753943602244,0.8132116576035817,0.7786885499954224,9811200,0.8970924944917238,0.5843697870651373,0.8164402453227197,0.8206235011990408,0.8122569894463988,0.7246376811594203,0.5150435001827234,9811200.0,9811200.0,infinity
dirichlet_beta_infinity_fedprox,37,,60,True,45,0.46153302093346915,0.4830056716998418,0.8136498947938283,0.7786885499954224,9811200,0.8976869753965389,0.5860546058964693,0.8177318615390968,0.823021582733813,0.8124421403443807,0.7246376811594203,0.5178128564835763,9811200.0,9811200.0,infinity
dirichlet_beta_infinity_fedavg,41,,65,True,50,0.45785794258117674,0.49827359318733216,0.8146873414516449,0.7881773114204407,10628800,0.896896924230658,0.5769574639502434,0.8143481289769148,0.8139088729016787,0.8147873850521509,0.7391304347826086,0.44188155469876456,10628800.0,10628800.0,infinity
dirichlet_beta_infinity_fedprox,41,,74,True,59,0.45490341683228813,0.5007875591516495,0.8152892450491588,0.7766830921173096,12100480,0.8974507340988901,0.5781246744852003,0.815941270312763,0.8167865707434053,0.8150959698821206,0.746031746031746,0.42496273173663585,12100480.0,12100480.0,infinity
dirichlet_beta_infinity_fedavg,43,,72,True,57,0.4568817883729935,0.5096059362093608,0.8111888110637665,0.7836065292358398,11773440,0.8956131965377523,0.5783509797369705,0.8159253304632723,0.822062350119904,0.8097883108066407,0.7580645161290323,0.47724406795647645,11773440.0,11773440.0,infinity
dirichlet_beta_infinity_fedprox,43,,72,True,57,0.4557470937569936,0.5065034538507461,0.8110256890455881,0.7868852615356445,11773440,0.8957904293117994,0.5805673667381553,0.8162506543552419,0.823021582733813,0.809479725976671,0.7580645161290323,0.4778950705582765,11773440.0,11773440.0,infinity
dirichlet_beta_infinity_fedavg,47,,70,True,55,0.46152279476324715,0.4871731718381246,0.8153477350870768,0.7819672226905823,11446400,0.8963835633955343,0.5806193682729784,0.8155542294547994,0.8158273381294964,0.8152811207801024,0.6875,0.49020255283340836,11446400.0,11446400.0,infinity
dirichlet_beta_infinity_fedprox,47,,70,True,55,0.45561061302820843,0.4824825465679169,0.815238090356191,0.7852458953857422,11446400,0.8967014871716772,0.5811421842618414,0.8163283111707265,0.8177458033573142,0.8149108189841388,0.7125,0.49068377794203205,11446400.0,11446400.0,infinity
